회사,날짜,시간,카테고리,제목,본문
현대엘리베이,2019.12.17,1400,전체,호재 온 줄 알았는데…흔들리는 대북 관련주,"스티븐 비건 미국 국무부 대북정책특별대표가 16일 오전 서울 종로구 외교부 청사에서 한미 북핵수석대표협의를 마친 뒤 이도훈 외교부 한반도 평화교섭본부장과 함께 기자회견을 하고 있다. / 사진=이기범 기자 leekb@대북 관련주들이 호재와 악재가 혼재된 상황 속에서 흔들리고 있다. 현재 대북 관련주들은 고점 대비 절반 이하로 떨어진 경우가 많은데, 북미 관계의 가시적인 진전 없이는 회복이 불투명할 것으로 전망된다. 17일 오후 1시55분 현대엘리베이 (68,300원 300 -0.4%), 현대상선 (3,550원 130 3.8%), 자화전자 (10,600원 300 -2.8%) 등 대부분 대북 관련주들이 하락세다. 대아티아이 (5,240원 60 -1.1%)와 남광토건 (11,300원 150 -1.3%) 등 남북관 철도·도로 협력사업 관련주들은 이날 장 초반 5%가 넘는 상승세를 보이기도 했으나 오후에 하락세로 돌아섰다. 이날 외신 등에 따르면 중국과 러시아는 대북 제재를 일부 해제하는 내용을 담은 결의안 초안을 유엔 안보리에 제출했다. 해당 결의안에는 북한의 해산물과 섬유 수출 금지 규정, 오는 22일까지로 예정됐던 해외파견 북한 노동자 송환조치를 철회하는 내용이 담긴 것으로 알려졌다. 또 남북철도사업이 이뤄질 수 있도록 하자는 내용도 포함된 것으로 전해졌다.중국과 러시아는 결의안에 ""새로운 북미 관계를 구축하고, 상호 신뢰를 쌓으며 한반도의 지속적이고 안정적인 평화를 구축하는 노력에 동참하면서 북·미 간 모든 레벨의 지속적인 대화를 환영한다""고 밝혔다.이같은 소식에 장 초반 대북주들은 일제히 오름세를 보였다. 최근 스티븐 비건 미 국무부 대북정책 특별대표가 북한에 대화를 제의한데 힘입어 대북주들이 상승세를 탄 상황인데, 중국과 러시아로부터 들려온 소식에 이를 이어갈 수 있을 것으로 보였다. 그러나 로이터통신에 따르면 미 국무부에선 곧바로 ""선제적 대북제재 완화를 거론할 때가 아니다""란 발언이 나왔다. 도널드 트럼프 미국 대통령 역시 백악관에서 북한과 관련한 기자들의 질문에 ""우리는 (북한의 상황을) 지켜보고 있다. 나는 무언가 일이 벌어진다면 매우 실망할 것""이라며 ""만약 그렇게 된다면 우리는 그에 대해 대응할 것""이라고 밝혔다.여기에 비건 특별대표의 대화 제안에 대해 북한이 아직까지 아무런 응답을 내놓지 않자 투자자들은 곧바로 돌아섰다. 4거래일 연속 상승세를 이어가던 에코마이스터 (4,475원 80 -1.8%), 제이에스티나 (4,065원 15 0.4%), 좋은사람들 (3,015원 10 -0.3%) 등은 결국 이날 상승폭을 반납했다.현재 대북 관련주들은 대체로 2차 북미정상회담 전 기록한 고점 대비 절반 이하 수준까지 내려와있는 상태다. 전문가들은 북미관계의 가시적인 진전 없이는 어떤 이벤트에도 주가가 장기간 상승하기는 어려울 것이라고 전망한다.증권업계의 한 관계자는 ""2년여간 기대감으로 대북주들이 움직였으나 지금은 북미관계를 낙관할 수 없는 상황이라 투자자들이 매우 조심스럽게 접근하고 있다""며 ""북미 대화가 재개된다고 하더라도 당시 기록했던 고점 수준까지 회복하기는 쉽지 않다""고 말했다.또 다른 증권사 애널리스트는 ""이미 북한 개방에 대한 기대감은 많이 훼손된 상황""이라며 ""대화 재개 후 실제 수혜가 확실해질 때 대북 관련주에 접근하는 것이 바람직하다""고 조언했다.한편 비건 특별대표는 이날 일본으로 출국할 예정이다. 그 전에 북한이 대화에 응하지 않을 경우 북미 관계는 더욱 경색될 가능성이 높다.                            "
현대엘리베이,2019.11.20,1550,전체,"현대·유수홀딩스 계열 IT시스템 업체, 잇따라 상장연기","연말 공모주 시장이 활황세를 보이고 있지만 현대그룹 계열의 현대무벡스와 유수홀딩스 (6,660원 10 -0.1%)(옛 한진해운홀딩스) 계열의 싸이버로지텍 등 일부 종목은 상장심사를 철회하는 등 상장 시점을 연기하기로 했다. 더 나은 실적으로 시장에서 제대로 된 평가를 받기 위한 것이라는 게 회사 측의 설명이다.20일 증권업계에 따르면 현대무벡스는 최근 한국거래소 코스닥시장본부에 상장예비심사 신청을 철회한다는 뜻을 밝혔다. 현대무벡스는 지난 8월1일 상장심사를 신청해 올해 중 상장하기로 했다가 이번에 상장 시점을 연기하기로 했다.회사 관계자는 ""회사 실적이 지속적으로 증가할 것으로 예상되는 등 현 시점보다 향후에 IPO(기업공개)를 추진하는 게 회사에 더 유리할 것이라는 판단에 따른 것""이라며 ""현 시점에서 상장을 추진할 경우 계획했던 공모금액보다 적은 자금만 조달할 것이라는 우려가 있었다""고 했다.또 다른 관계자는 ""밸류에이션에 참조할 비교그룹의 주가가 부진한 흐름을 이어가고 있는 등 현 시점은 회사에 우호적인 상황은 아니다""라며 ""올해도 실적이 나쁘진 않은 수준일 것으로 예상되지만 내년 실적이 더 나을 것으로 예상되는 만큼 보다 나아진 상황에서 상장을 추진하기로 했다""고 설명했다.현대무벡스는 2011년 현대글로벌의 SI(시스템통합) 부문이 분할돼 설립된 회사로 시작해 현재 SI 사업과 물류자동화시스템 등 사업을 영위하고 있다. 자산총계 1267억원에 자본총계 548억원의 현대무벡스는 지난해 한 해 1765억원의 매출에 109억원의 영업이익, 72억원의 당기순이익을 기록한 바 있다. 현정은 현대그룹 회장이 43.5% 지분을 보유한 최대주주이며 현대그룹 주력 계열사인 현대엘리베이터(종목명 현대엘리베이 (68,300원 300 -0.4%))가 30.5%의 지분을 보유 중이다.아울러 유수홀딩스가 40% 지분을 보유한 싸이버로지텍도 지난 9월20일 거래소 상장예비심사를 청구했다가 상장심사 자체를 일단 연기해달라는 뜻을 거래소에 전달한 것으로 알려졌다. 싸이버로지텍 역시 현대무벡스와 마찬가지로 실적을 이유로 상장을 연기하기로 했다.싸이버로지텍은 컨테이너 물류와 항만운영 시스템에 필요한 소프트웨어를 개발해 공급하는 업체로 사업 특성상 진행률로 매출·이익을 인식한다. 수주 직후 시점에 한꺼번에 매출과 이익이 발생하고 2년차 이후부터는 시스템 구축·유지·보수 등 용역을 제공하면서 다소 작은 규모의 매출·이익을 인식하는 구조다. 지난해 연결 재무제표 기준 매출이 1321억원으로 전년(1884억원) 대비 30% 줄고 영업이익이 같은 기간 705억원에서 326억원으로 54% 감소한 것도 이같은 수주 베이스 사업의 특성에 따른 것이라는 설명이다.싸이버로지텍 관계자는 ""이같은 매출·이익 인식구조에 대해 시장에 보다 신뢰할 수 있는 자료를 제공할 필요가 있다는 판단 하에 내부적으로 연기 사유가 있는지 검토했다""고 했다. 또 다른 관계자도 ""작년과 재작년은 수주 실적이 반영돼 몇 백억원씩 이익이 발생했지만 올해는 그에는 못 미칠 것""이라며 ""올해 11월~12월에 중요한 수주가 예정돼 있어 이 결과를 바탕으로 내년 새로 상장을 추진할 예정""이라고 했다. 한편 이들 종목 등을 제외한 공모주 시장 전체 차원에서는 훈풍이 불고 있다. 올 10월 이후 현재까지 증시에 상장된 종목은 30개사에 공모금액 합계는 1조5200억원을 훌쩍 넘어섰다. 공모금액 합계는 이미 지난해 4분기 전체(10~12월, 1조2017억원)을 훌쩍 넘어섰다. 현재 공모절차를 진행 중인 코리아센터, 태웅로직스, 미투젠, 메드팩토 등 20여곳도 상장을 앞두고 있어 연말까지 공모주 시장은 계속 달아오를 전망이다. "
현대엘리베이,2019.10.24 ,"1810
","

증권/금융

","MSCI, 신라젠 빼고 케이엠더블유 넣을듯"," 	증권사들 내달 정기변경 예측 	다음달 초 모건스탠리캐피털인터내셔널지수(MSCI) 정기변경 결과가 발표될 예정인 가운데 기준일에 따라 편출과 편입종목이 달라질 것으로 보인다. 다만 신라젠의 편출과 케이엠더블유의 편입이 유력하다는 관측이다.24일 금융투자업계에 따르면 MSCI 지수 반기 리뷰결과가 다음달 8일(한국시간)에 발표된다. 중국 A주 지수편입비율 증가를 적용한 MSCI 3차 리밸런싱(비중 재조정)은 11월 26일 장마감에 예정돼 있다. 이로 인한 한국의 신흥시장(EM) 내 비중은 12.15%에서 12.05%로 0.1%포인트 축소되는데 그칠 것으로 전망된다.지수에 편입되는 종목은 주가에 호재로, 편출되는 종목은 악재로 작용할 것으로 보인다. 증권사들은 편입 예상종목으로 케이엠더블유, 현대엘리베이, 한화에어로스페이스, 쌍용양회를 꼽았다. 반면 편출 예상종목엔 신라젠, 셀트리온제약, HDC현대산업개발 등을 들었다. 대다수의 증권사가 케이엠더블유의 편입과 신라젠의 편출을 사실상 가장 유력한 것으로 봤다.유안타증권에서는 지수산정일에 따라 편입, 편출종목이 달라질 수 있을 것으로 예상했다. 고경범 유안타증권 연구원은 ""이번 MSCI 정기변경 편출입 종목은 지수산정 기준일에 따라 좌우될 것으로 보이는데 10월 마지막 영업일 10일 중 랜덤으로 결정된다""고 설명했다. 이어 ""지수산정 기준일이 22일 이전으로 지정될 경우, 컷오프 시가총액(기준점)은 1조8500억원으로 추정돼 구성종목 수 감소 가능성도 높은 상황인 반면, 23일로 지정될 경우 컷오프 시가총액은 1조9100억원이 예상돼 최근 바이오 반등과 대북이슈로 편출입 예상종목도 변경될 것""이라고 언급했다.이에 따라 지수산정 기준일이 이달 18~22일이 될 경우, 신라젠, 셀트리온제약 편출과 케이엠더블유 편입이 유력한 상황이다. 이에 반해 기준일이 23일이 될 경우, HDC현대산업개발, 신라젠, 셀트리온제약 편출과 케이엠더블유, 한화에어로스페이스 편입을 전망했다.한편, 이번 리밸런싱에 따른 주가 변동성 확대 가능성은 유의해야 한다. 강송철 신한금융투자 연구원은 ""지수 편입이 결정된다면 수급상 긍정적 요인이지만 반기 리뷰 결과 발표 부근에는 주가 변동성 확대 가능성을 염두에 둬야한다""며 ""발표 이전까지 주가가 상승하다가 발표 이후에 주가가 하락하는 패턴이 자주 관찰되기 때문""이라고 설명했다.김동완 유진투자증권 연구원은 ""기관의 경우 편입 종목군을 사전에 매수 후 편입일과 가까워질수록 매도해, 차익을 실현하는 전략을 구사하는 것으로 파악되며, 외국인의 특징으로는 편입종목을 편입일에 집중 매수하는 형태로 펀드의 트레킹에러를 무리하게 증가시키지 않는 형태로 투자하고 있는 것으로 판단된다""고 설명했다."
현대엘리베이,2019.10.23,1725,전체,“금강산 남측 시설 들어내라”…경협株 ‘주르륵’,"[이데일리 조지수 기자][이데일리 박태진 기자] 남북 경협주(株)들이 폭삭 주저앉았다. 김정은 북한 국무위원장이 금강산의 남측 시설 철거를 지시했기 때문이다. 23일 마켓포인트에 따르면 아난티(025980)는 전 거래일 대비 8.16% 하락한 1만1250원에 거래를 마쳤다. 현대엘리베이(017800)는 전일 대비 7.46% 하락한 2755원에 거래를 끝냈다. 일신석재(007110)와 인디에프(014990)는 각각 6.93%, 6.18% 하락했다. 조비(001550)와 신원(009270), 경농(002100), 도화엔지니어링(002150), 남광토건(001260) 등도 4%대 하락률을 기록했다. 금강산 관광사업을 주도했던 현대아산도 이날 한국장외주식시장(K-OTC)에서 11.98% 급락했다. 이들 주식은 김 위원장이 남북 협력의 상징인 금강산관광을 추진했던 아버지 김정일 국방위원장의 대남의존정책을 비판한 영향을 받은 것으로 풀이된다.북한 관영매체들은 김정은 위원장이 금강산 일대 관광시설을 현지지도하고 고성항과 해금강호텔, 문화회관, 금강산호텔 금강산옥류관 등 남측에서 건설한 시설들을 돌아봤다고 이날 보도했다.김 위원장은 “보기만 해도 기분이 나빠지는 너절한 남측 시설들을 남측의 관계 부문과 합의해 싹 들어내도록 하고 금강산의 자연경관에 어울리는 현대적인 봉사시설들을 우리 식으로 새로 건설해야 한다”고 강조했다.이는 남측이 지난해 9월 남북 정상의 평양공동선언에서 합의한 금강산관광 재개를 지금까지 이행하지 않는 것에 대한 불만의 표현으로 해석된다. 이번 이슈는 당분간 경협주 주가에 악재로 작용할 것이란 전망이다. 특히 금강산관광 개발 및 운영에 참여했던 국내 기업들의 타격이 불가피하다는 분석도 나온다. 김윤서 신한금융투자 연구원은 “예전에 현대아산이 임대를 했지만, 북한이 일방적으로 번복하고 다른 나라에 개방하겠다는 우려감이 커지면서 오늘 경협주들이 빠졌다”면서 “북한이 남측 시설을 실제로 철거하게 되면 아난티 등은 거기에 있는 사업권을 뺏기게 되니까 단기적으로 주가는 안 좋을 수 있다”고 말했다. 이번 금강산 시설 철거 건과 관련해 타협점을 찾기까지는 시간이 걸릴 것이란 판단이다. 김 연구원은 “앞으로 남북 관계가 어떻게 전개될지 살펴봐야 한다”며 “다만 지금 도널드 트럼프 미국 대통령이 탄핵 정국에 있기 때문에 남·북 또는 북·미 간 단기적으로 협상을 할 가능성은 높지 않아 보인다. 시간이 필요할 것 같다”고 전망했다."
현대엘리베이,2019.10.23,1621,전체,김정은 폭탄 발언에 남북 경협주 '패닉',"(서울=뉴스1) 황기선 기자 = 북한이 10여년 넘게 중단된 금강산 관광과 관련된 남측의 시설을 철거하고 독자적으로 사업을 추진하겠다는 의지를 나타냈다.  노동신문은 김정은 북한 국무위원장이 과거 남측과 금강산 관광을 진행한 것에 대해 ""의존 정책이 매우 잘못됐다""고 비판하고 금강산 내 남측 시설의 철거를 지시했다고 23일 보도했다.  현대아산은 이번 김 위원장의 발언에 대해 “관광재개를 준비하고 있는 상황에서 갑작스러운 보도에 당혹스럽지만, 차분히 대응해 나가겠다”는 입장을 밝혔다.  사진은 서울 종로구에 위치한 현대아산사옥. 2019.10.23/뉴스1  김정은 북한 국무위원장이 금강산 내 남한이 지은 시설 철거를 지시했다는 보도에 대북 관련주들이 일제히 하락 중이다. 특히 금강산과 직접 연관이 있는 아난티와 현대엘리베이의 낙폭이 상대적으로 크다. 대북 관련주들에 대한 기대감이 완전히 꺾이진 않았지만, 모멘텀이 없는 이상 반등은 쉽지 않아 보인다.23일 코스닥 시장에서 아난티는 전날보다 1000원(8.16%) 하락한 1만1250원에 거래됐다. 현대엘리베이는 6000원(7.46%) 내린 7만4400원을 기록했다. 두 종목 모두 외국인과 기관이 대거 매도했다.아난티는 국내 유일의 고급 리조트 개발전문기업이다. 2005년 정부로부터 금강산 골프&온천 리조트 승인을 받은 뒤 2008년 총 투자비 850억원을 들여 아난티 금강산 골프&온천 리조트를 완공하고 회원권 판매를 진행했다. 2008년 7월 금강산 관광이 중단되면서 금강산 아난티 영업활동이 중단됐으나 아난티 금강산 운영권은 50년으로 여전히 유효해 금강산 관광 최대 수혜주로 꼽힌다.현대엘리베이터는 금강산 개발 사업지분 66.02%를 가지고 있는 현대아산의 지분을 약 70% 보유하고 있다. 이 때문에 금강산 관광이 재개될 경우 아난티와 더불어 큰 수혜가 예상됐다.이날 두 종목은 김 위원장이 금강산 관광지구를 찾아 금강산 내 남측이 지은 시설 철거를 지시했다는 노동신문 보도에 급락했다.이 신문은 ""(김 위원장이)손쉽게 관광지나 내어주고 앉아서 득을 보려고 했던 선임자들의 잘못된 정책으로 금강산이 10여 년간 방치되어 흠이 남았다고, 땅이 아깝다고, 국력이 여릴 적에 남에게 의존하려 했던 선임자들의 의존 정책이 매우 잘못되었다고 심각히 비판하시었다""고 전했다.그러면서 김 위원장은 ""보기만 해도 기분이 나빠지는 너절한 남측시설들을 남측의 관계 부문과 합의하여 싹 들어내도록 하고 금강산의 자연경관에 어울리는 현대적인 봉사시설들을 우리 식으로 새로 건설하여야 한다""고 했다.금강산 관광은 당초 남북경협이 시작되면 가장 먼저 재개될 것으로 기대되던 사업이었으나 이날 김 위원장의 발언에 비춰봤을 때 당분간 성과가 나기는 어려울 것으로 보인다.증권업계 한 관계자는 ""지난해 4월부터 대북테마주가 움직였으나 이는 제대로 진척된 사업이 없는 상황에서 기대감만 작용했던 것""이라며 ""투자자들의 기대감은 오락가락하는 남북관계에 이미 많이 내려온 만큼 가시적인 성과가 나오지 않는 이상 주가가 다시 반등하는 것은 쉽지 않다""고 말했다.일각에서는 남북경협에 대한 강한 압박을 통해 제재 해제의 물꼬를 트려는데 의도가 있다는 관측도 나온다. 신범철 아산정책연구원 안보통일센터장은 “큰 맥락에서는 자력갱생을 강조하는 틀에서 나온 것”이라며 “한국만 아니라 미국에도 메시지를 보내고 있다. 제재완화, 금강산 관광 등을 할 수 있도록 미국이 양보를 해야 한다는 메시지를 낸 것도 있다”고 말했다.그러나 금강산 관광 재개 시에도 다시 중단될 수 있다는 불안감도 해결해야 할 과제다. 실제로 2008년 금강산 관광이 중단된 이후 관련 기업들은 2조원 이상의 손해를 본 것으로 추산된다. 현대그룹의 대북사업을 맡아온 현대아산은 사업중단으로 지난 10년간 누적 매출 손실이 1조5000억원에 달했고 중소 투자기업들 역시 6000억원 이상의 피해를 입었다는 것이 업계 분석이다.                            "
현대엘리베이,2019.09.23,1924,전체,"한미 정상, 해법찾나…다시 들뜬 남북경협株","[이데일리 김정훈 기자][이데일리 김대웅 기자] 지난 2월 이른바 ‘하노이 노딜’ 이후 된서리를 맞았던 남북경협주(株)들이 다시 기지개를 켜고 있다. 북미 실무협상 재개가 임박한 가운데 한미 정상회담이 열리게 되면서 북한 비핵화에 대한 새로운 해법이 나올지에 대한 관심이 고조되고 있다. 개성공단 재가동과 금강산관광 재개가 이뤄져야 한다는 목소리도 곳곳에서 나오면서 남북경협에 대한 기대감이 재차 높아지고 있다.23일 마켓포인트에 따르면 철도, 가스관, 도로, 자원개발 등 남북경협 관련주들의 주가는 이날 일제히 상승했다.가스관 관련주인 하이스틸(071090)은 16.7% 급등했고 부산산업(011390) 화성밸브(039610) 퍼스텍(010820)도 10% 넘게 올랐다. 코아스(071950) 대동스틸(048470) 좋은사람들(033340) 동양물산(002900) 등도 5~7%대 상승세로 마쳤다. 금강산 관광 관련주인 아난티(025980)와 현대엘리베이(017800)터도 1% 안팎의 상승률을 기록하며 나란히 나흘째 강세를 이어갔다.최근 한반도를 둘러싼 지정학적 변화가 감지되면서 남북경협에 대한 기대가 관련기업들의 주가 상승으로 이어지고 있다. 북한은 최근 잇달아 발사체를 쏘아올리고 있지만 미국을 직접 자극하는 핵실험이나 대륙간탄도미사일(ICBM) 발사는 피하는 모습이다. 이런 가운데 북미 실무협상 등 북미 대화 재개를 위한 긍정적 분위기가 조성되고 있고 이에 앞서 문재인 대통령은 우리시간으로 24일 오전 미국 도널드 트럼프 대통령과 정상회담을 가진다.윤창용 신한금융투자 연구원은 “2월 말 미국과 북한의 2차 정상회담에서 협상 결렬로 얼어붙었던 북한 문제가 실무진 간 대화의 물꼬가 다시 트이며 조금씩 실마리를 찾고 있다”며 “문재인 대통령이 22일부터 26일까지 미국을 방문해 트럼프 대통령과 정상회담을 갖는 등 정상들의 중재자 역할이 기대된다”고 밝혔다.미국이 대북 강경파인 존 볼턴 전(前) 백악관 국가안보보좌관을 경질한 뒤 곧바로 대화 재개를 위한 해빙 무드가 조성되고 있고, 북한 제재 완화를 포함한 모든 가능성을 열어둔 것으로 알려지면서 이제 남북 경협도 빛을 보지 않겠느냐는 기대다. 강경화 외교부 장관은 북미 간 비핵화 협상과 관련해 “북한이 얘기하고 있는 안전보장 문제나 제재해제 문제 등 모든 것에 열린 자세로 협상에 임한다는 것이 미국 측의 기본 입장”이라고 말했다.실제로 국내 곳곳에서는 금강산 관광 재개와 개성공단 재가동부터 추진해야 한다는 목소리가 높아지고 있다. 이해찬 더불어민주당 대표는 지난 20일 국회에서 “개성공단을 재개해 남북공단이 아닌 세계적 국제공단으로 만들어야 한다”고 강조했고, 김홍걸 민족화해협력범국민협의회 대표상임의장은 23일 성명서를 내고 이번 한미정상회담에서 개성공단과 금강산 관광에 관한 논의가 있어야 한다며 트럼프 대통령의 결단을 촉구했다.문 대통령이 한미정상회담에서 일부 대북제재 완화와 금강산관광 및 개성공단 재개 등을 요구할 것으로 전망된다는 보도도 나오고 있다. 한 지상파 방송사는 문 대통령이 다음주 유엔 총회에 참석해 한반도 평화 프로세스에 대한 기조연설을 하는 자리에서 남북이 공동으로 ‘비무장지대(DMZ) 지뢰 제거’에 나서자고 제안하는 방안이 유력하게 검토되고 있다고 전하기도 했다.이같은 분위기 변화에 경협주를 둘러싼 증권가의 관심도 한층 고조된 모습이다. 남북경협을 테마로 한 지수를 구성한 증권사도 나오고 있다. 금융투자업계 관계자는 “북한 비핵화와 남북경협을 둘러싼 일련의 흐름이 긍정적으로 흘러가고 있는 것으로 보인다”면서도 “최근 경협주들의 반등 폭이 작지 않은 만큼 투자에 신중을 기할 필요가 있다”고 말했다."
현대엘리베이,2019.08.05,1956,전체,한·미 연합훈련…북 추가도발 우려에 대북株 털썩,"(그래픽=김다은 기자)[이데일리 김윤지 기자] 혼란스러운 정세에 대북주도 울상이다. 한미 군 당국은 5일 하반기 연합 군사훈련에 돌입했다. 위기관리참모훈련을 한 뒤 이후 약 2주 동안 연합 지휘소연습(CPX)을 실시할 예정이다. 대북주는 지난달 상승세를 탔지만, 최근 9일 동안 3차례 미사일을 발사한 북한의 추가 도발에 대한 우려로 흔들리고 있다. ◇한달 전 상승세 어디로…줄줄이 하락세 5일 마켓포인트에 따르면 북한 관련 대장주 현대엘리베이(017800)는 전 거래일보다 8.77%(6800원) 떨어진 70700원으로 거래를 마쳤다. 장중 70600원까지 떨어져 52주 신저가를 기록하기도 했다. 북한 관련 건설주인 현대건설(000720)도 5.13%(2150원) 떨어진 39750원에 거래를 끝냈다. 역시 52주 신저가다. 이날 코스피의 하락폭(2.56%)과 비교해 유난히 가파른 수준이다. 지난달 초 대북주는 도널드 트럼프 대통령과 김정은 북한 국무위원장의 판문점 회담 소식에 강세를 보였다. 회담 직후인 7월 1일 현대엘리베이는 98400원(종가 기준), 현대건설은 55000원을 기록했다. 불과 한 달 만에 30% 가까이 하락했다. 여타 관련주도 상황은 비슷하다. 하락장과 맞물려 북한 관련주로 꼽히는 부산산업(011390)(-8.62%) 이화공영(001840)(-13.63%) 현대상선(011200)(-7.40%) 남광토건(001260)(-8.11%) 등이 장중 52주 신저가를 기록했다. 아난티(025980)(-8.37%), 신원(009270)(-5.72%), 좋은사람들(033340)(-4.65%), 인디에프(014990)(-7.07%) 등도 일제히 하락 마감했다. ◇“추가 하락 대비할 필요 있어”이는 변화무쌍한 국제 정세와 연관을 맺고 있다. 북한은 지난달 25일 함경남도 원산 호도반도 일대에서 단거리 탄도미사일 2발을 발사한 데 이어 31일에는 원산 갈마 일대에서 단거리 발사체 2발을 쐈다. 미국 도널드 트럼프 대통령은 일반적인 상황이라고 반응했지만, 지난 6월 북미 정상의 ‘판문점 회동’ 이후 세 차례나 발사가 이어진 셈이다. 여기에 미·중 무역 전쟁 역시 장기화 조짐을 보이고 있다. 트럼프 대통령은 지난 1일 SNS에 “오는 9월1일부터 3000억 달러에 달하는 중국산 제품에 대해 관세를 부과하겠다”는 글을 남겨 추가 관세 부과를 예고했다. 이날 위안·달러 환율은 심리적 지지선인 7위안을 돌파했다. 중국 정부가 이를 용인할 가능성이 높아졌다는 점에서 미·중 협상 장기화로 해석하기도 한다.증권가에선 북한의 도발 여부를 신중히 지켜보며 추가 하락에 대비할 필요가 있다는 의견도 나온다. 지난달 미국 국방부 산하 국방대는 보고서를 통해 “북핵 위협에 대비해 ‘미국은 위기 상황 시 일본, 한국과 비전략 핵무기 역량을 공유하는 새 개념을 고려해야 한다”고 주장했다. 미군 실무선에서 한국, 일본과 핵 공유가 필요하다는 판단이 서 있다는 해석도 가능하다. 김다경 한국투자증권 연구원은 “최근 국내 증시 조정과 함께 대부분 북한 관련 주식이 하락세를 보이면서 KIS 대북 테마주를 동일가중지수(EWI) 방식으로 산출한 KIS NK 인덱스도 급락세”라면서 “실현 가능성이 낮지만 북미 협상이 파국을 맞으면 전술 핵무기 배치론이 고개를 들 수 있다”고 전망했다."
현대엘리베이,2019.07.02,0530,전체,바이오에서 남북경협株로…코스닥 주도주 대전환기 오나,"[그래픽=이데일리 문승용 기자][이데일리 김대웅 기자] 코스닥 시장에 주도주 대전환 움직임이 나타나고 있다. 시장의 무게 중심이었던 바이오주(株)가 임상 결과에 대한 우려로 휘청이고 있는 가운데, 남북미 정상이 비무장지대(DMZ)에서 역사적인 회동을 가진 뒤 한반도 비핵화와 남북 경협이 속도를 낼 것이란 기대가 다시 커지면서 관련주들로 자금이 몰리는 양상이다.지난해 상반기 판문점 남북 정상회담에 이어 싱가포르 북미 정상회담까지 성사되면서 경협주들이 시장 주도주로 올라서고 바이오주는 조정을 거치던 때와 유사한 양상이 나타날 것이란 관측에 힘이 실리고 있다.◇ 경협株, 하루 거래 1.1조…일회성 이슈 아니다?1일 마켓포인트에 따르면 개성공단, 금강산 관광, 대북 송전, DMZ 평화공원, 철도, 가스관 등 120여개의 남북경협 관련주들은 일제히 급등했다. 좋은사람들(033340)이 24.4% 상승했고 인디에프(014990) 부산산업(011390) 신원(009270) 동아지질(028100)은 10% 넘게 오르는 등 대부분의 종목이 불기둥을 형성했다. 현대엘리베이(017800)터와 포스코엠텍(009520)도 각각 7~8%대 오름세를 기록했다.좋은사람들의 거래량이 전 거래일 대비 14배 이상 급증하는 등 자금 쏠림 현상도 심했다. 이들 종목군의 합산 거래대금은 약 1조1000억원에 달하며 시장의 관심이 집중됐다.경협주들의 강세 흐름은 트럼프 대통령의 방한을 앞두고 지난달 초부터 서서히 나타나다가 DMZ 회동으로 본격화됐다. 현대엘리베이터는 지난 한달 동안 13.2% 상승했고 현대로템(064350)도 9.6% 오르며 자금이 서서히 유입돼 왔다. DMZ 테마주인 삼륭물산(014970)은 같은 기간 53% 급등하는 등 일부 종목들은 이미 뜨거운 열기를 내뿜고 있다.이는 트럼프 대통령이 이제부터 대선 준비 모드에 돌입하는 만큼 시장에서는 이번 회동이 단발성 이슈가 아니라 대선용 카드로 지속적으로 활용될 수 있다는 인식이 커졌기 때문으로 풀이된다. 이번 깜짝 회동을 시작으로 향후 한반도 평화 무드를 둘러싼 시곗바늘이 빨라지며 경협주들에 대한 관심이 지속될 것이란 관측에 무게가 실리고 있다.◇ 바이오株와 풍선 효과…작년 상반기 데자뷰이같은 현상은 바이오주의 깊은 조정과 맞물리며 코스닥 시장에 또 한번 ‘풍선 효과’가 나타나는 것 아니냐는 전망을 낳고 있다. 코스닥 시가총액 상위에 다수 포진해 있는 바이오주는 최근 에이치엘비의 임상 실망 등으로 인해 줄줄이 급락세를 보였다. 최근 낙폭이 워낙 컸던 탓에 이날 일부 되돌림 현상이 나타나긴 했지만 투자자들은 여전히 불안한 시선을 감추지 못하고 있다.코스닥 대장주인 셀트리온헬스케어(091990)가 지난 한달 동안 24.7% 급락한 것을 비롯해 주요 바이오주인 신라젠(215600)(-10.1%), 헬릭스미스(084990)(-13.4%) 등이 두자릿수의 하락률을 기록했다. 에이치엘비(028300)는 49.7% 급락했다.이렇다 보니 바이오주와 경협주의 흐름이 극명하게 엇갈리며 시장 주도주의 위치를 주고받았던 지난해 상반기와 유사한 상황이 나타나는 것 아니냐는 해석이 나온다. 올 하반기 신라젠과 메지온, 헬릭스미스 등이 줄줄이 임상 3상 결과 발표를 앞두고 있기 때문에 주가가 충분히 빠질만큼 빠졌다는 소위 ‘바닥론’보다는 또 한번의 충격파가 밀려올 수 있다는 불안심리가 더 크게 형성됐다. 한 자산운용사 펀드매니저는 “바이오주는 실적에 기반한 투자라기보다 파이프라인의 미래 가치를 보고 투자하는 것인데 이에 대한 불신이 커진 것은 투자심리를 크게 위축시킬 수 있는 요소”라며 “당분간 바이오주에 대한 투자는 경계감을 높일 필요가 있어 보인다”고 말했다.◇ “트럼프의 대선용 카드…실무회담이 새 모멘텀”한반도 비핵화 프로세스에 대해서는 트럼프 대통령의 대선 일정과 맞물려 돌아갈 것이란 관측이 우세하다. 따라서 경협주에 대한 관심도 지속적으로 높아지며 지난해 상반기처럼 시장 주도주로 자리매김할 가능성이 있다는 분석이다.김병연 NH투자증권 연구원은 “실무회담이 진행되면 남북 경협주의 주가 모멘텀이 발생할 것”이라며 “향후 추가로 북미 정상회담에 대한 구체화가 진행되면 모멘텀은 이어질 것”이라고 예상했다. 트럼프 대통령이 민주당의 대선 유력 휴보인 조 바이든 전 부통령을 견제하기 위해 북한 비핵화 이슈를 대선 카드로 사용할 것이란 전망이다.증권가는 북미 정상 간의 회동 이후 트럼프 대통령이 마이크 폼페이오 국무장관 주도로 2~3주간 실무팀을 구성해 협상을 하겠다고 밝힌 점에 주목하고 있다. 이경민 대신증권 연구원은 “이는 그동안 문제였던 속도 측면에서 정상궤도로 재진입할 가능성을 높인다”며 “당분간 북한 관련주들의 강한 반등 시도가 예상된다”고 밝혔다.다만 비핵화의 갈 길이 아직 멀다며 회의적인 시각도 있다. 최유준 신한금융투자 연구원은 “이번 대화 재개로 남북 경협주의 반등 가능성을 기대할 수 있지만 비핵과와 그에 대한 상응 조치의 줄다리기가 쉽지 않다는 것 등을 감안하면 기술적 반등 수준에 불과할 것”이라고 내다봤다."
현대엘리베이,2019.06.18,0600,전체,"경협株 이달 10~30%↑…""랠리 당분간 지속""","[그래픽=이데일리 김정훈 기자][이데일리 이후섭 기자] 한반도를 둘러싸고 대화 무드가 다시 조성되면서 경협주(株)도 들썩이고 있다. 이달 말 도널드 트럼프 대통령의 방한을 앞두고 `3차 북·미 정상회담` 기대가 고조되는 등 경협주 랠리가 당분간 이어질 전망이다. 개성공단 입주기업 모멘텀이 가장 먼저 가시화할 것으로 예상하는 가운데 경협주 대장주로 꼽히는 현대엘리베이(017800)터 등에 주목할 필요가 있다는 조언이다.17일 마켓포인트에 따르면 이달 들어 신원(009270)과 좋은사람들(033340) 주가는 각각 18.0%, 14.1% 급등했다. 인디에프(014990) 제이에스티나(026040) 등의 개성공단 입주기업들도 일제히 상승세를 나타냈다. 남북 철도 연결 수혜주로 꼽히는 에코마이스터(064510) 현대로템(064350)은 각각 30%, 12% 넘게 올랐으며 현대엘리베이터도 12.2%의 주가 상승률을 기록했다. 이 외에도 조비(001550) 동아지질(028100) 쌍용양회(003410) 등 경협주로 거론됐던 기업들이 상승세를 보였다.북한과의 관계 개선에 따라 가장 먼저 수혜를 입을 기업으로 개성공단 입주 기업이 꼽힌다. 증권가에서는 대북 사업의 최전선에 있는 현대아산의 지분 73.9%를 보유하고 있는 현대엘리베이터에 주목하고 있다.김윤서 신한금융투자 연구원은 “대북 사업 관련 실질적인 자산을 보유하고 있는 현대아산의 수혜가 가장 클 것”이라며 “현대아산의 성장에 따라 현대엘리베이터의 기업가치도 증대할 것”이라고 내다봤다.그간 교착 상태에 빠졌던 북·미 관계가 개선 조짐을 보이면서 투자심리가 완화하고 있다. 최근 트럼프 대통령을 향한 김정은 북한 국무위원장의 친서, 고(故) 이희호 여사 별세에 따른 김여정 노동당 제1부부장 조의 표명 등 북한의 태도 변화가 감지되고 있다.증권가에서는 북·미 관계 개선을 위한 물꼬가 트이고 있어 경협주를 매수하기 적합한 시점이라고 진단한다. 증권가에서는 이달 말 트럼트 대통령 방한 전까지는 한반도를 둘러싼 핑크빛 무드가 계속 이어질 것으로 내다보고 있다.이동헌 대신증권 연구원은 “지난해 베트남 하노이 회담처럼 막상 뚜껑을 열면 어떤 결과가 나올지 모르지만 어쨌든 그전까지는 계속 기대심리가 이어질 것”이라고 내다봤다.김 연구원은 “트럼프 대통령은 지지율을 올리기 위해 올 하반기 북한과의 협상 카드를 반드시 활용할 것으로 예상하는 만큼 3차 북미 정상회담도 가시화할 수 있다”며 “지금 증시는 악재보다 호재에 민감하게 반응하는 구간이라 경협주도 호재성 이슈에 따라 계속 반응할 것”이라고 판단했다."
현대엘리베이,2019.06.12,0520,전체,"""실적주도 못 믿을 판""..진짜 `돈` 들어오는 종목 보라","[이데일리 최정희 기자] 경기둔화 신호, 미국과 중국 간 무역분쟁 장기화 등 불확실성이 커지면서 상장회사의 실적 전망치도 빠르게 하향 조정되고 있다. 이런 상황에선 단순히 실적이 개선될 종목을 찾는 것은 별 의미가 없다는 지적이 나온다. 증권가에선 실적 불확실성이 커질 때에는 현금이 들어오는 종목에 관심을 가져야 한다고 분석했다. 실제로 현금흐름이 개선된 종목의 주가 상승폭이 높았다. 최근 잉여현금흐름 개선종목의 연초대비 주가 수익률 [그래픽=이데일리 문승용 기자]◇ 1년간 현금흐름 개선된 종목, 주가 상승폭 커 11일 금융정보분석업체 에프앤가이드에 따르면 최근 4개 분기(작년 2분기~올 1분기) 연속으로 잉여현금흐름(FCF, Free cash flow)이 전년동기대비 증가한 17개사 중 거래가 정지된 3개 종목을 제외한 14개 종목의 연초 이후 주가 상승률이 대부분 플러스를 기록했다. 금호전기(001210)와 현대엘리베이(017800)터, 삼화콘덴서(001820)를 제외한 11개 종목이 모두 벤치마크 지수인 코스피 지수 상승률을 상회했다.5세대(5G) 통신장비 부품주인 유비쿼스홀딩스(078070)는 작년말 8000원도 안 되던 주가가 5만원까지 올라 무려 6배 이상 급등했다. 푸드웰(005670)은 73% 올랐고 미투온(201490)과 미스터블루(207760)는 모두 40% 가량 상승했다. 대양제지(006580), 신대양제지(016590)는 각각 45%, 43% 올랐다. 아이에스동서(010780)와 KCTC(009070)도 각각 25%, 20% 상승세를 보였다. 유명간 미래에셋대우 연구원은 “일반적으로 기업의 펀더멘탈은 영업이익 등을 통해 판단하지만 영업환경이 악화되면 기업 이익 변동성이 높아지기 때문에 이를 보완할 수 있는 지표인 현금 흐름을 활용할 필요가 있다”며 “기업 이익에 대한 신뢰가 낮아진 환경에서 향후 기업들의 현금흐름 개선 여부는 더욱 중요해 질 것”이라고 밝혔다. 2011~2013년 건설업종과 2013~2015년 조선업종은 대규모 어닝쇼크가 있기 전에 먼저 현금흐름이 둔화되기 시작했다. 겉으론 이익을 내고 있어도 현금흐름이 둔화되면 추후 곪아터질 수 있기 때문에 경기가 둔화되는 시점에선 현금흐름 지표까지 봐야 해당 기업의 펀더멘털을 제대로 파악할 수 있다는 얘기다. 실제로 대다수 기업들의 현금흐름이 2018년 1분기 이후 꾸준히 감소세를 보이고 있다. 상장회사의 올해 1분기 잉여현금흐름은 43조7000억원(4개 분기 누적)으로 전분기보다 7조5000억원 감소했다. 잉여현금흐름이란 영업활동을 통해 회사로 들어온 현금에서 각종 비용과 세금, 설비투자 등을 빼고 남은 잔여 현금흐름을 말한다. 최근처럼 불확실성에 기업이 투자를 줄이는 상황에서도 잉여현금이 줄어든다는 것은 영업을 통해 회계상 이익이 났더라도 실제 기업에 들어오는 돈은 감소하고 있다는 것을 뜻한다. ◇ 실적은 물론, 현금흐름까지 증가하는 종목 찾기 때문에 실적이 개선되면서도 현금이 유입되는 기업을 찾는 것이 안전하면서도 주가 수익률을 높일 수 있는 방법으로 꼽힌다. 미래에셋대우에 따르면 시가총액 3000억원 이상인 기업 중 실적 개선이 예상되면서도 잉여현금흐름이 2개 분기 연속 개선되고 현금이익 비중이 100% 이상(영업활동으로 인한 현금흐름이 감가상각 전 이익와 같거나 초과하는 기업)인 기업은 NHN한국사이버결제(060250), 제일기획(030000), 아프리카TV(067160), 골프존(215000), 화승인더(006060)스트리, 이녹스첨단소재(272290), 에코마케팅(230360), 화승엔터프라이즈(241590), 다나와(119860), 네패스(033640), 서진시스템(178320), 인바디(041830), 코리아오토글라스(152330), 엘비세미콘(061970), 삼성엔지니어링(028050), 모두투어(080160), 쌍용양회(003410) 등이 꼽혔다. 삼성엔지니어링, 모두투어, 쌍용양회 등을 제외한 나머지 기업들은 연초 이후 20% 이상의 상승률을 보이고 있다. 에코마케팅은 주가가 무려 3.5배 올랐다. 유 연구원은 “순이익이 증가한 기업들(시가총액 상위 300개, 적자 제외)중에서 잉여현금흐름까지 개선된 기업의 최근 14년간 연 평균 주가 상승률은 12.7%인 반면 잉여현금흐름이 둔화된 기업은 7.1%에 그쳤다”며 “현금흐름이 개선된 기업은 향후 투자를 늘리거나 배당을 확대할 가능성이 높다”고 말했다."
현대엘리베이,2019.05.07,1839,전체,北 단거리 발사체에 방산株 웃고 경협株 울고,"[이데일리 이동훈 기자][이데일리 박태진 기자] 방위산업 관련주(株)와 남북 경협주가 또 시소장세를 보였다. 북한이 지난 4일 단거리 발사체를 쏜 것으로 알려지면서 북·미 관계는 물론 남·북 관계에도 냉각 기류가 다시 감돌면서 방위산업체 관련주가 상승세를 나타낸 반면 경협주는 하락세를 나타냈다. 지난 2월 말 베트남 하노이에서 열린 북·미 정상회담이 아무런 성과 없이 끝났을 때와 비슷한 상황을 재현한 것이다. 7일 마켓포인트에 따르면 방위산업 관련 통신장비업체인 에이스테크(088800)는 전거래일대비 4.95% 오른 8700원에 거래를 마쳤다. 방향탐지장치 관련 전자시스템 제조업체 빅텍(065450)도 전일대비 4.13% 상승한 3275원에 거래를 끝냈다. LIG넥스원(079550)도 2.62% 상승했고, 풍산(103140)과 국영지앤엠(006050)도 올랐다. 이들 업체 주가는 북한의 무력 도발에 따른 반사이익 기대감이 반영된 것으로 풀이된다. 반면 경협주는 하락세를 나타냈다. 인지컨트롤스(023800)는 전일대비 4.04% 하락한 6890원에 거래를 마쳤다. 삼부토건(001470)과 남광토건(001260), 재영솔루텍(049630), 현대엘리베이(017800), 지엔씨에너지(119850)는 3%대 하락했다. 또 남화토건(091590)과 녹십자(006280), 일신석재(007110), 자화전자(033240), 이엑스티(226360), 한창(005110), 신원(009270) 등도 2%대 하락률을 기록했다. [이데일리 이동훈 기자]전문가들은 이번 도발로 잊혔던 북한 리스크가 재부각돼 투자심리에 영향을 미친 것으로 분석했다. 북한의 군사적 행동은 약 1년 5개월 만으로, 예상치 못했던 도발인 만큼 불안 심리를 자극하는 변수가 될 수 있다는 해석이다. 이경민 대신증권 연구원은 “북·미 정상회담 이후 후속 협상에 대한 불만과 미국의 완고한 협상 태도에 대한 반발, 향후 협상에서의 레버리지 제고 등의 이유로 발사체 발사를 감행한 것으로 풀이된다”고 설명했다.문정희 KB증권 연구원도 “북한의 단거리 발사체 발사로 한반도의 지정학적 리스크가 다시 부각됐다”며 “좀처럼 진전되지 않는 북·미 관계 및 대립이 장기화될 가능성까지 언급된 데 이어 미·중 무역협상 결렬 위험, 원화 약세까지 겹칠 경우 시장 변동성이 확대될 수 있다”고 전망했다.한편 북한 조선중앙통신은 지난 5일 전날 대구경 장거리 방사포와 전술유도무기가 동원된 화력타격훈련을 했다고 보도했다. 이에 국방부는 북한이 쏜 신형 발사체를 신형 전술유도무기라고 공식 평가했다. 미국의 마이크 폼페이오 국무장관도 북한의 신형 발사체를 단거리 발사체로 표현하며 북한과의 대화 기조를 유지하는 모습을 보였다."
현대엘리베이,2019.04.23,1545,전체,"현대엘리베이터, 베트남 호아빈건설 3대 주주로…""현지 시장 확대 모멘텀 될 ...","장병우(앞줄 오른쪽) 현대엘리베이터 대표이사와 레 비엣 하이 호아빈건설그룹 회장이 23일 베트남 호치민 증권거래소에서 전략적 제휴를 위한 협약을 체결하고 기념촬영을 하고 있다.현대엘리베이터 제공[이데일리 남궁민관 기자] 현대엘리베이터가 베트남 2위 건설사 호아빈건설그룹(HBC)에 지분 투자를 단행하며 현지 시장 공략에 나섰다.현대엘리베이(017800)터는 장병우 대표이사와 레 비엣 하이 HBC 회장이 23일 베트남 호치민 증권거래소에서 전략적 제휴를 위한 조인식을 가졌다고 밝혔다. 이번 제휴를 통해 현대엘리베이터는 HBC 주식 2500만주(한화 약 280억원)를 취득해 지분율 11.3%로 3대 주주 지위를 확보했으며, HBC는 향후 시행사(사업주)로 진행하는 프로젝트에 현대엘리베이터의 제품을 전량 채택하는 것은 물론 설계·시공·건축 참여 사업에서 동사 제품을 우선 검토하기로 했다. 장병우 대표이사는 “최고 기술력을 갖춘 HBC와의 전략적 제휴는 베트남 시장 확대의 모멘텀이 될 것”이라며 “‘고! 글로벌(Go! Global)’이라는 현대엘리베이터의 비전을 향한 새로운 도약이 될 것‘이라고 말했다. 레 비엣 하이 회장은 ”현대엘리베이터와 다수의 프로젝트를 진행하면서 최상의 품질과 신뢰도를 확인할 수 있었다“며 ”양사 간 파트너십 체결로 베트남 국내는 물론 해외 초고층 프로젝트에서도 최고의 성과를 낼 수 있을 것으로 기대된다“고 말했다.1987년 창립한 HBC는 베트남 2위의 종합건설 기업이다. 베트남 최고층 빌딩인 ’비에틴 뱅크타워‘를 비롯해 다수의 랜드마크 빌딩을 건설했다. 건설사로는 유일하게 베트남 정부가 주관하는 ’국가 브랜드 프로그램‘에서 12년 연속 선정되는 등 높은 브랜드 인지도를 확보하고 있다."
현대엘리베이,2019.04.08,1837,전체,사흘 앞둔 한미 정상회담…남북경협株 다시 뜰까,"[이데일리 전재욱 기자] 11일 사흘 앞으로 다가온 한·미 정상회담이 남북 경제협력 불씨를 살려 경협주 주가를 띄울지 주목된다.8일 마켓포인트에 따르면 남북 경협주로 분류되는 종목 가운데 밀가루 생산업체 대한제분(001130) 주가는 전 거래일보다 11.36% 오른 22만500원에, 내화물 업체 조선내화(000480)는 이날 전날보다 8.14% 오른 8만9000원에 각각 거래를 마쳤다. 큰 틀에서 남북 경협주로 구분하는 남선알미우(008355)(7.45%), 삼일제약(000520)(8.11%) 등도 상승폭이 컸다. 반면에 현대엘리베이(017800)(-3.54%), 좋은사람들(033340)(-2.67%), 아난티(025980)(-2.15%), HDC현대산업개발(294870)(-1.01%), 현대로템(064350)(-0.63%) 등은 내렸다. 이날 남북 경협주 주가 흐름은 엇갈렸지만 하노이 회담 결렬(2월27일) 이후 내리막길을 걷던 주가가 한·미 정상회담 결정(3월29일)을 계기로 반등하는 분위기가 감지된다.대표적으로 아난티는 2월27일(2만8450원)부터 지난달 28일(1만3700원)까지 51.84% 하락했다가 이후 16.05% 올라 이날 1만9000원에 거래를 마쳤다. 이 기간 현대엘리베이는 30.85% 하락했다가 14.46% 상승했고, 현대로템은 25.76% 빠졌다가 8.67% 올랐다.한·미 양국 정상회담으로 북한 경제 제재가 완화될 것이라는 기대감이 반영된 결과로 풀이된다. 문재인 대통령의 1박3일 방미 일정을 고려하면 트럼프 대통령과 정상회담은 사실상 `북한 비핵화`를 위한 원포인트 회담으로 이뤄질 것으로 관측된다. 정상회담 결과에 따라 ‘제3차 북미회담’이 성사할 수 있다. 이로써 북한에 대한 미국의 경제 제재를 완화하는 단계적 접근이 가능하다.증권가에서도 이번 정상회담이 북한 경협주에 기대를 끌어올릴 변수로 기대하고 있다. 채상욱 하나금융투자 연구원은 “남북 경제협력이 이뤄지면 건설 업종 등을 중심으로 수혜가 예상돼 이번 한미 정상회담에 투자자 이목이 다시금 쏠린다”고 밝혔다.다만 우려도 존재한다. 외교에는 수많은 변수가 따라서 결과를 예측하는 것이 기대만 키울 수 있다는 것이다. 미국이 하노이 회담에서 밝힌 것처럼 단계적인 비핵화가 아닌 ‘빅딜’ 입장을 굽히지 않으면 한미 정상회담 결과를 긍정하기 어려울 수 있다.김영환 KB증권 연구원은 “한미 정상회담이 북미 정상회담 기대로 이어지면 남북 경협주에 긍정적인 영향을 줄 것”이라면서도 “지나치게 기대하기보다 결과를 확인하고 대응하는 편이 나을 것”이라고 덧붙였다."
현대엘리베이,2019.03.18,1705,전체,위기의 북·미 관계에도 경협株 반등…왜?,"전일대비 주가 등락율.(자료=마켓포인트)[이데일리 박태진 기자] 북한과 미국의 관계가 비핵화 협상을 놓고 악화될 수 있다는 우려가 커지고 있지만 남북 경협주들의 주가는 상승세를 나타내고 있다. 지난 15일 최선희 북한 외무성 부상이 기자회견을 열어 “미국과의 비핵화 협상을 중단하는 것을 고려하고 있다”며 “김정은 국무위원장이 곧 성명을 발표할 것”이라고 밝히면서 경협주 주가는 내려앉았다. 하지만 1거래일 만에 반등세로 돌아선 것이다. 전문가들은 그간 북미관계에 대한 학습효과를 바탕으로 매수세가 유입된 것으로 보고 있다. 이번 주가 양국 관계의 분수령이 되겠지만 파국으로 치닫지 않을 것으로 내다봤다. 18일 마켓포인트에 따르면 농약 판매업체인 경농(002100)은 전 거래일대비 7.72% 상승한 1만3950원에 거래를 마쳤다. 통신장비업체 한창(005110)은 전일대비 7.05%, 비료회사 조비(001550)는 6.80% 각각 올랐다. 개성공단에 입점했던 기업인 인디에프(014990)와 신원(009270)도 6%대 상승률을 기록했다. 또 현대엘리베이(017800)터는 5%대, 좋은사람들(033340)과 아난티(025980), 일신석재(007110)는 각각 4%의 상승률을 보였다.최 부상의 기자회견 영향에 급락했던 지난 15일과는 딴판이다. 일신석재는 당시 종가기준으로 10.22% 하락했다. 신원은 10.09%, 경농 9.76%, 아난티 9.44%, 인디에프 9.47% 각각 하락했다. 한창과 좋은사람들, 조비는 8%대 하락률을 기록했다.이에 대해 비핵화 우려에 대한 주가는 15일에 이미 반영됐다는 분석이다. 김윤서 신한금융투자 연구원은 “지난주 금요일 경협주 주가는 이미 악재가 충분히 반영됐다”면서 “북한이 협상 단절, 핵실험 재개 등 극단적인 길로 가지 않는다면 기대감은 언제든 다시 높아질 수 있기 때문에 오늘 주가는 거기에 따른 선제적인 대응으로 볼 수 있다”고 말했다.이번 주가의 흐름은 그간 북·미 사이 외교 관계에서 유추해볼 수 있다는 분석도 나온다.이광수 미래에셋대우 연구원은 “제1차 북미정상회담 때처럼 회담 불발 막판까지 갔다가도 드라마틱하게 반전이 이뤄지며 회담이 성사됐다”며 “이를 통해 양국 관계가 악화되면 좋아지고, 일이 빠르게 진행되면 속도 조절을 하는 등 학습효과에 따라 시장이 움직인 것”이라고 분석했다.이어 “미국도 대화를 통해 비핵화 협상을 마무리 짓고 싶어 하는 만큼 양국 관계가 더 이상 나빠지지 않을 것이라는 생각 때문에 매수세가 유입된 거 같다”면서 “대화의 가능성은 열려 있고 방향성도 정해져 있는 만큼 대북 모멘텀은 여전히 살아 있다”고 덧붙였다."
현대엘리베이,2019.03.07,0530,전체,번갈아 널뛰는 경협주와 방산주…묻지마 투자 주의보,"도널드 트럼프 미국 대통령(오른쪽)과 김정은 북한 국무위원장이 지난달 28일(현지시간) 베트남 하노이의 소피텔 레전드 메트로폴 호텔에서 단독 정상회담 도중 심각한 표정을 하고 있다. (사진=AFP)[이데일리 김성훈 기자] “네가 내려야 내가 오른다.”최근 온탕과 냉탕을 번갈아 오가는 남북경협주(株)와 방산주의 분위기는 이렇게 설명할 수 있다. 지난달 28일 예상치 못한 2차 북미 정상회담 결과에 남북경협주가 급락한 틈을 타 방산주가 가파른 상승세를 보여서다. 경협주가 오르면 방산주가 내리고 반대로 방산주가 오르면 경협주가 내리는 시소게임이 한층 뚜렷해진 것이다. 분위기에 휩쓸려 주가 추이가 널을 뛰는 종목 특성상 투자에 유의해야 한다는 지적이다.6일 마켓포인트에 따르면 금강산 관광 수혜주로 꼽히는 한창은 전 거래일보다 6.91% 하락한 3300원에 거래를 마쳤다. 전날 16.6% 급등하며 국내 증시 ‘손바뀜 1위’를 차지한 지 하루 만에 급락하며 된서리를 맞았다. 이밖에 아난티(025980), 일신석재(007110), 현대엘리베이(017800), 남광토건(001260), 용평리조트(070960), 경농(002100), 일성건설(013360) 등 남북경협주들이 3~6% 하락했다.반면 전자전장비 제조업체이자 대표적인 방위산업주로 꼽히는 빅텍(065450)은 8.72% 상승한 2930원에 마감하면서 2거래일 연속 하락장을 털어냈다. 포메탈(119500), 풍산(103140), 휴니드(005870) 등 방산주들도 상승 마감하면서 분위기를 이어갔다. 방산주에 온기가 들면 경협주에 살얼음이 끼거나 그 반대의 상황이 뚜렷해진 것이다.[이데일리 이동훈 기자]두 테마주의 대치국면이 본격화한 것은 지난달 28일 2차 북미회담 결렬 소식 이후다. 북미 정상회담에 열기를 더하던 남북경협주가 일제히 급락한 사이 방산주가 급등 가도를 달리면서 명암이 짙어졌다. 실제로 금강산 관광지구 고성봉에 ‘골프·온천 리조트’를 보유한 아난티(025980)는 남북정상회담 결렬 소식에 25.83% 하락하며 시가총액이 6051억원이나 줄었다. 반면 빅텍 주가는 25.25% 뛰면서 신데렐라로 등극했다. 2017년 4월 10일 상한가를 기록한 이후 최고 상승률을 기록한 것은 물론 지난해 9월 이후 5개월여 만에 주가 3000원선을 회복했다.양쪽의 시소게임이 격해진 상황에서 ‘개미’들의 참여가 높아지는 것은 우려할 대목이다. 마켓포인트에 따르면 6일 빅텍 주식 거래 주체에서 개인 매수 비중은 98.82%로 나타났다. 경협주인 한창도 개인 비중이 97%를 넘었다. 같은 날 코스닥 개인 매수 비중이 86.03%인 점을 감안하면 개인 위주 거래가 더 많았던 셈이다. 롤러코스터 행보에 단기 차익을 노린 개인투자자가 늘면서 증권사로부터 대출을 받아 주식을 사는 신용거래융자 비율도 높아지고 있다. 한국금융투자협회에 따르면 지난 5일 기준 신용거래융자 잔액은 전 거래일보다 1546억원 감소한 10조3534억원으로 집계됐다. 그러나 앞선 7거래일 연속 증가세를 보이며 연초(1월 2일 기준) 대비 10.6%(9979억원)나 늘었다. 한 금융투자업계 관계자는 “방산주와 경협주는 실적이나 신규 프로젝트 성사 여부보다 분위기나 외교 정세 변화에 더 민감하게 반응한다”며 “급등 타이밍을 노리고 이들 테마주를 사들이는 무분별한 투자에 유의해야 한다”고 말했다."
현대엘리베이,2019.03.04,1636,전체,"""트럼프·김정은 믿었는데""…'옥석 가리기' 나설 때","임종철 디자이너2차 북미정상회담 결렬 직후 급락한 대북 경제협력 관련 기업들이 여전히 기운을 차리지 못하고 있다. 전문가들은 단기 모멘텀은 사라졌지만, 북미 양국이 여전히 서로 필요한 상황인 만큼 과도하게 부정적으로 바라볼 필요는 없다는데 의견을 모았다. 지금 같은 상황에서 '옥석 가리기'에 나서야 한다는 주장이 나온다. 4일 대북 경협 대장주로 불리며 주가를 높여온 현대엘리베이 (68,300원 300 -0.4%)는 전거래일 대비 5100원(5.35%) 떨어진 9만200원에 거래를 마쳤다. 지난달 27일 11만7000원에 거래되던 주가는 28일 북미정상회담 결렬 소식에 9만5300원까지 떨어진 이후 하락세가 계속되고 있다. 현대로템 (15,600원 100 -0.6%) 역시 지난달 27일 2만9500원이던 주가가 28일 2만5900원으로 급락한 이후 이날 역시 전일대비 7.14% 떨어진 2만4050원에 마감했다. 금강산에 리조트가 있는 아난티 (10,400원 100 -0.9%)는 지난달 28일 주가가 25.83% 급락, 2만8450원이던 주가가 지난달 28일 2만1100원까지 떨어졌다. 이날 장 초반 소폭 오름세를 보이나 했지만, 결국 전 거래일 대비 3.55% 하락했다. 27.3%까지 급락해 주가하락률 1위를 기록한 대북 건설주 일신석재 (2,420원 20 0.8%)는 이날도 하락세를 지속, 전 거래일  대비 4.21% 떨어졌다. 전문가들은 당분간 남북경협 모멘텀은 소멸됐다면서도 크게 우려할 상황은 아니라고 봤다. 어떤 식으로든 북미 회담은 이어질 것이라서 과도하게 우려할 필요는 없다는 얘기다. 최광혁 이베스트투자증권 연구원은 ""이번 회담 결렬을 우려하지 않는 것은 이전에 있었던 대부분의 핵 협상에서 2차례의 협상으로 해결된 적이 없기 때문""이라며 ""제네바 합의는 4차례의 협상을 통해, 2·13 합의는 8회의 협상을 거쳐 북핵시설 폐기에 동의했다""고 설명했다. 이어 ""경제적 우려는 존재하지 않는다. 북한은 핵제재로 고립된 상황으로 어떤 나라에도 경제적 영향을 미치고 있지 않다""며 ""북한 내부에 대한 경제적 협력은 아직 시기상조로 보인다. 다만 한국 내부의 경협 관련 준비나 개성공단, 금강산 관광 등의 기존 사업에는 관심을 가져볼 수 있다""고 봤다. 송재경 흥국증권 리서치센터장 역시 ""트럼프에게 북한 비핵화 업적은 재선을 위해 여전히 필요하다""며 ""미국과 북한 모두 회담 결렬 후 서로를 자극하지 않고 우호적인 분위기를 유지하고 있다는 점도 재개 가능성을 높인다""고 분석했다. 송 센터장은 ""2차 협상 시기는 미국의 정치 상황에 따라 가변적""이라며 ""개성공단과 금강산 관광 재개 등 남북경협을 통해 양측에 협상 재개 명분을 제공해, 유엔과 미국의 제재는 유지하면서 북한이 원하는 비핵화 상응 조치 일부 만족이 가능할 것""이라고 전망했다. 남북경협 모멘텀이 사라진 대신, 정부 주도의 건설 투자 부분이 속도를 낼 것이라는 전망도 나온다. 라진성 키움증권 연구원은 ""북미 협상은 당분간 소강 국면에 진입할 전망""이라며 ""회담이 재개된다 해도 재제 완화에 대한 합의가 이뤄지기 전까지 경협 모멘텀은 소멸됐다고 보는 게 합리적이라는 판단""이라고 설명했다. 이어 ""남북경협을 경제 성장의 돌파구로 활용하려던 계획이 사실상 무산되면서 정부는 '정부 주도의 건설 투자 확대'에 보다 속도를 낼 전망""이라고 봤다.채동욱 하나금융투자 연구원은 ""북미정상회담 결렬이 신도시 확대 정책 수혜를 외면하는 것은 아니다""며 ""현 정부의 부동산 정책은 '신도시 확대와 구도심 존치(재생)'으로 대표되는데, 북미협상 결렬 하나에 이 모든 아이디어가 소멸한 듯한 주가하락은 과한 측면이 있다""고 강조했다.                                                                //기자 프로필 더보기                                    function btnNewshawkMore(_this) {                                        $(_this).parent('.writer_profile').toggleClass('active');                                    }                                "
현대엘리베이,2019.03.01,0310,증권,코스피 막판 쇼크… 경협·건설株 곤두박질,"2차 미·북 정상회담이 사실상 결렬되며 주식 시장도 출렁였다. 정부가 추진했던 각종 남북 경협 사업도 앞날을 기약할 수 없게 됐다.이날 코스피지수는 전날보다 39.35포인트(1.76%) 내린 2195.44로 거래를 마쳤다. 코스피지수는 주식시장 종료를 약 30분 앞두고 미·북 정상회담이 삐걱거린다는 외신 보도가 나오면서 가파르게 하락했다. 코스닥지수도 이날 전날 대비 2.78% 하락해 731선까지 미끄러졌다.시가총액 1위인 삼성전자가 3.53% 빠졌고, 2위인 SK하이닉스도 5% 넘게 떨어졌다. 최근 주가가 올랐던 남북 경협주 역시 매물이 쏟아졌다. 금강산 관광 사업 주도사인 현대아산의 지분을 약 70% 보유한 현대엘리베이 주가는 이날 하루 동안 18.55% 떨어졌다. 일본·중국·홍콩·대만 등 아시아 국가의 주요 주가지수도 이날 일제히 소폭 떨어졌다. 반면 방위산업주로 꼽히는 주식들은 오전 내내 지지부진하게 움직이다가 장 막판에 25% 넘게 급등했다.도널드 트럼프 미국 대통령이 '제재 완화'에 강경한 반대 입장을 보이며 개성공단은 물론이고, 금강산 관광 사업 역시 재개가 불투명해졌다는 분석도 나왔다. 당초 외교가에선 ""금강산 관광의 경우 '벌크 캐시(대량 현금)' 문제만 해결하면 이번에 재개가 결정될 수 있을 것""이란 전망이 있었다. 남북 철도·도로 연결 및 현대화 사업 등 정부가 계획하고 있는 다른 경협 사업도 당분간은 추진이 어려울 것으로 보인다. 외교 소식통은 ""우리 정부가 생각했던 것 이상으로 트럼프 대통령이 '대북 제재'에 대해 원칙적인 입장을 보인 것 같다""며 ""다른 계기가 없다면 '인도적 지원'을 제외한 경협 사업은 진도를 나가기 어려울 것""이라고 했다."
현대엘리베이,2019.02.28,1733,전체,"회담결렬 실망감에 2200선 깨진 코스피, 유턴하나","코스피 지수가 2차 북미 정상회담의 불안한 전개에 급락하며 전 거래일보다 39.35포인트(1.76%) 내린 2,195.44로 거래를 마친 28일 서울 중구 KEB하나은행 딜링룸에서 딜러들이 업무를 보고 있다. [사진=연합뉴스][이데일리 최정희 기자] 28일 오후 2시 45분경. 도널드 트럼프 미국 대통령과 김정은 북한 국방위원장이 갑자기 오찬을 취소했다는 뉴스가 뜨자마자 장중 내내 관망세에 별 다른 움직임이 없었던 코스피와 코스닥 지수가 급락하기 시작했다. 코스피와 코스닥 지수 모두 약 15분 만에 20포인트가 빠졌다. 코스피와 코스닥지수는 작년 10월 글로벌 폭락장 이후 가장 큰 폭으로 하락했다. 코스피 지수는 2200선이 무너졌고 코스닥은 730선으로 내려앉았다.전문가들은 북미 회담 결렬이 단기적으로는 증시에 부정적인 영향을 줄 수 있지만, 지수의 방향성을 좌우할 이슈는 아니라고 보고 있다. 중국의 경기부양책, 미국과 중국간 무역협상, 주요국의 통화정책 완화 등 경기가 바닥을 찍고 반등을 이끌 만한 이슈들이 충분하다는 분석이다. ◇ 15분만에 20포인트 빠진 코스피..대북주 우르르 28일 마켓포인트에 따르면 코스피 지수는 전 거래일보다 39.35포인트, 1.76% 하락한 2195.44에 마감해 9거래일 만에 2200선이 붕괴됐다. 안전자산 선호 심리가 커지면서 글로벌 증시가 폭락했던 10월 폭락장(10월 23일, 2.57% 하락) 이후 가장 큰 폭으로 떨어진 것이다. 코스닥 지수는 20.91포인트, 2.78% 하락한 731.25에 거래를 마쳤다. 코스닥 지수도 무역전쟁 우려에 외국인 매도세가 강했던 작년 12월 6일(-3.24%) 이후 하락폭이 가장 컸다. 연초 이후 러브콜을 보냈던 외국인들이 가장 빨리 돌아섰다. 외국인은 이날 코스피 시장에서만 2500억원 가량을 팔아치웠다. 원·달러 환율도 5.6원이나 급등해 원화 약세 흐름을 보였다. 패시브 자금 또한 매도세를 보인 영향인지 시가총액 상위주인 삼성전자(005930)와 SK하이닉스(000660)는 각각 3%대, 5%대나 하락했다. 특히 북미 정상회담 기대감과 세계적인 투자자 짐 로저스의 긍정적인 북한 투자 분위기에 휩쓸려 상승세를 보였던 대북주들이 우르르 무너졌다. 현대엘리베이(017800)터는 18.6%, 현대건설(000720)은 8.0% 하락했다. 금강산 관광주로 각광받았던 한창(005110)과 팬스타엔터프라이즈(054300)는 각각 22%대, 23%대 떨어졌다. 짐 로저스가 사외이사로 있는 아난티(025980)는 26% 가량 급락했다. ◇ “증시 방향성에 영향 안 미쳐”..`호재 많아`기대했던 북미 회담이 결렬되면서 투자심리가 흔들리긴 했으나 증시 방향성에 미치는 영향은 제한적이란 분석이 힘을 얻고 있다. 실제로 외국인 투자자들은 코스피 현물 시장에선 강한 매도세를 보였으나 코스피200선물은 1230계약 순매수했다. 구용욱 미래에셋대우 리서치센터장은 “북미 회담 결렬로 단기적으론 주가가 하방 압력을 받을 수 있지만 그리 오래가진 않을 것”이라며 “올해 증시가 오른 것은 (북미 회담보다는) 미국과 중국 간 무역분쟁 불확실성 축소, 미국 연방준비제도(Fed, 연준)의 기준금리 인상 스탠스 변화 등이 복합적으로 작용한 결과”라고 설명했다. 여전히 증시엔 호재가 많이 남아있다는 평가다. 조용준 하나금융투자 리서치센터장은 “중국의 전국인민대표대회, 미국과 중국 정상회담, 무역협상, 미국 연방공개시장위원회(FOMC) 회의 등이 증시에 긍정적으로 작용할 가능성이 높다”고 말했다. 북미 회담이 다음 일정을 잡진 않았으나 여전히 대화 가능성을 열어뒀단 점도 최악은 아니란 평가다. 구용욱 센터장은 “이번 결렬은 비핵화에 시간이 좀 더 걸릴게 됐다는 정도로 판단해야 할 것”이라며 “북한의 비핵화와 미국의 대북경제 해제, 완화에 대해선 이미 큰 틀에서 방향을 잡았기 때문에 큰 충격은 없을 것”이라고 설명했다. 다만 이번 회담 결렬이 증시 상승의 큰 축이었던 미·중간 무역협상에 부정적인 영향을 미칠 수 있단 우려도 나온다. 양기인 신한금융투자 리서치센터장은 “미국, 중국, 북한은 연결되는 이슈이기 때문에 회담 결렬이 G2(미국, 중국) 관계에도 영향을 미치지 않겠느냐는 의문이 생길 수 있다”며 “무역협상은 지켜봐야 하고, MSCI의 중국A주 편입이나 (트럼프 대통령의 정치스캔들과 관련된) 청문회 등도 악재가 될 수 있다”고 말했다."
현대엘리베이,2019.02.24,1531,전체,"2차 북미정상회담에 23% 오른 경협주, 상승여력 아직 남았다","북미정상회담이 이번주 개최된다. 비핵화와 경제제재 해제가 논의되는 만큼 전문가들은 대북 경협주가 또한번 크게 움직일 것으로 보고 있다. 가장 먼저는 금강산 관광주가 볼 것으로 예상된다.24일 금융투자업계에 따르면 오는 27~28일 베트남 하노이에서는 제2차 북미정상회담이 열린다. 미국은 영변과 풍계리·동창리 등 핵·미사일 생산시설·시험장의 가동 중단(동결)을 시작으로 사찰·검증·폐기를 거친 후 포괄적 신고와 모든 대량살상무기(WMD)의 전면 폐기로 이어지는 '단계적 로드맵'을 구상하고 있는 것으로 알려졌다. 북한의 협상 전략은 공개되지 않았지만 협상이 잘 진행될 경우 단계적 비핵화 조치와 단계적 경제제재 완화가 교환될 것이라는 분석이 지배적이다. 전면적인 경제제재 해재는 불가능하지만 UN안보리와 미국은‘북한 민생 중심의 사업에 대한 제한적 제재 면제’ 및 ‘1년 6개월간의 한시적 대북제재보류’를 제시할 수 있다.이렇게 되면 가장 먼저 금강산 관광이 재개될 가능성이 높다. 실제로 요미우리 신문은 전날 미국이 2차 북미정상회담을 앞두고 북한 측에 사전 대가로 금강산 관광사업 재개를 허용하는 방안을 검토하고 있다고 보도했다. 금강산 관광 관련주로는 아난티 (10,400원 100 -0.9%)와 현대엘리베이 (68,300원 300 -0.4%)가 대표적이다. 아난티는 국내 유일의 고급 리조트 개발전문기업으로 금강산에 리조트를 보유하고 있다. 2008년 7월 금강산 관광이 중단된 이후 영업이 중단됐지만 금강산 관광이재개되면 곧바로 영업을 재개할 수 있다. 현대엘리베이는 금강산 개발 사업지분 66.02%를 가지고 있는 현대아산의 지분을 약 70% 보유하고 있다.철도와 SOC 분야도 북한 주민 삶의 질과 관련된 분야인 만큼 빠르게 수혜를 볼 수 있다. 대아티아이 (5,240원 60 -1.1%), 에코마이스터 (4,475원 80 -1.8%), 부산산업 (145,500원 500 -0.3%) 등이 언급된다. 경협주는 이미 2차 정상회담에 대한 기대감으로 상당히 상승한 상태다. 특히 대북 사업계획 수립이 실질적 수혜로 이어지기까지 시간이 소요되는 만큼 적정 주가를 논하기는 어렵다고 전제하면서도 지난 1차 북미정상회담때에 비춰봤을 때 여전히 상승여력이 있다는 분석이다. 김영환 KB증권 연구원은 ""지난해 6월 12일 1차 북미정상회담 전후의 남북경협주 133개 종목의 수익률을살펴더니 이들 종목들은 평균적으로 정상회담 이전 3개월간 19% 상승했으며, 정상회담이후 3개월간 19% 더 상승했고 특히 정상회담 이후 30거래일 동안의 수익률은 62%에 달했다""고 밝혔다.이어 ""2차 북미정상회담을 앞둔 시점에서 남북 경엽주들은 3개월간 23% 상승했다""며 ""1차 정상회담 시기보다는 상승폭이 컸지만 이번 정상회담에서는 1차 회담보다 더 구체적인 결과가 예상된다는 점에서 상승 여력이 다소진됐다고 보기는 어렵다""고 강조했다. 북미정상회담 뒤에 김정은 국무위원장의 답방, 시진핑 중국 국가 주석의 남북한 방문도 이어질 수 있는 만큼 대북 경협주의 상승 모멘텀이 이어질 것이라는 전망도 나온다. 김윤서 신한금융투자 연구원은 “경협주는 북미 정상회담 이후 김 위원장 답방이 예정된 다음달까지 모멘텀이 이어질 수 있다”며 “이번 회담에서 유의미한 성과가 도출되면 제한적 남북 경협 허용이 될 가능성이 높고, 이를 토대로 서울에서 열리는 남북정상회담에서 철도연결 등 보다 진전된 경협 합의가 도출될 수 있다”고 설명했다.                            "
현대엘리베이,2019.02.21,0620,전체,돈 부르는 지수…편입·편출에 울고 웃는 종목들,"[이데일리 문승용 기자][이데일리 최정희 기자] 글로벌 지수인 파이낸셜타임스스톡익스체인지(FTSE) 글로벌 올캡(All Cap) 지수에 새로 편입되는 종목의 주가가 급등세를 보이고 있다. 지수를 추종하는 패시브 자금이 유입될 것이란 기대감에 실제 편입되기 전부터 주가가 꿈틀거리기 시작한 것이다. 다음 달 한국거래소가 발표하는 시가총액 규모별 지수도 편입·편출에 따라 해당 종목의 수익률도 달라질 것으로 보인다. ◇ FTSE, 편입 발표날 ‘사고’..실제 변경 땐 ‘팔고’FTSE는 지난 15일 글로벌 올캡 지수의 정기변경을 통해 내달 18일(내달 15일 종가 기준)에 하림지주(003380), 메지온(140410), 안트로젠(065660), 에스티큐브(052020), 대한광통신(010170) 등 9개 종목을 신규 편입하고 신영증권(001720), 엘브이엠씨홀딩스(900140) 등 2개 종목을 뺀다고 밝혔다. 삼성증권은 9개 종목의 외국인 순매수 대금이 지수 편입되는 날 기준 총 225억원 수준일 것으로 예측했다. 순매수 금액이 크지 않지만 해당 종목들이 소형주이기 때문에 주가에 미치는 영향은 클 수 있다. 또 편입일 이전에도 자금이 분산 유입됨에 따라 주가는 먼저 움직일 수 있단 분석이다.실제로 신규 편입 종목들은 지수에 편입되기까지 한 달이나 남았음에도 FTSE 발표를 호재 삼아 주가 상승폭을 키우고 있다. 마켓포인트에 따르면 9개 신규 편입 종목 중 6개 종목의 이번 주 주가 상승률(2월 18~20일)이 벤치마크인 코스피 지수 수익률(1.53%)을 상회하고 있다. 특히 안트로젠은 이번 주에만 17.40% 올랐다. 안트로젠은 작년 개별 영업이익이 24억2300만원 적자로 전환됐음에도 매수세가 꾸준히 유입되고 있다. 이번 주 투자신탁, 연기금, 보험 등 기관투자가를 중심으로 90억원 넘게 사들였다. 하림지주, 메지온 등은 7%대 상승했고 대한광통신도 4%대 상승률을 보였다. 에스티큐브와 레고켐바이오는 각각 2.8%, 1.8%의 수익률을 기록했다. 편출되는 신영증권은 1.2% 오르고 엘브이엠씨홀딩스는 0.34% 하락했다. 신영증권의 경우 주가가 올랐으나 공매도 거래비중은 19일 56.7%로 상장 이래 최대치를 기록했다. 엘브이엠씨홀딩스의 공매도 거래비중도 17.2%로 2015년 7월 30일(17.5%) 이후 최대치를 보였다. 김동영 삼성증권 연구원은 “편입 예정 종목을 발표 시점에 매수하고 실제 편입 직전 장마감 적용일(3월 15일)에 청산하는 전략을 추천한다”고 말했다. 실제로 이러한 매매 전략을 통해 2017년 9월부터 작년 9월까지 다섯 차례 정기변경일 중 네 차례 플러스 수익률을 기록했다. 작년 3월과 6월엔 각각 12.9%, 13.8%의 수익률을 냈다. 한편 FTSE 지수보다 더 영향력이 큰 모건스탠리캐피털인터내셔널(MSCI) 지수는 올해 2월 정기변경에서 기존 한국 구성종목을 유지했다. 지난해 11월 반기 리뷰에서는 대우조선해양과 휠라코리아, 포스코켐텍이 새로 포함됐지만 올해에는 변화를 주지 않았다. ◇ 거래소, 시가총액 지수 변경..대형주→중형주 수익률 높아 거래소가 매년 3월 옵션만기일(3월 14일), 다음 날 시가총액별 지수의 구성 종목을 변경하는데 이 역시 수급에 영향을 미칠 것으로 예상된다. 거래소는 작년 12월부터 올 2월까지 일평균 시가총액을 기준으로 상위 1~100위까진 대형주, 101~300위까진 중형주, 그 외는 소형주로 분류한다. 이때 대형주에서 중형주로 이동하는 종목의 수익률이 가장 높은 것으로 조사됐다. 메리츠종금증권에 따르면 2010년 이후 거래소의 정기 변경일 전후(옵션만기일 직전 일주일에서 직후 일주일)에 기관투자가들의 수급 변화가 컸는데 중형주에서 대형주로 이동하는 종목은 기관 매도 압력이 강화되는 반면 대형주에서 중형주로 이동하는 종목은 매수 압력이 강해졌다. 이에 따라 지수 변경일 전후 2주일간 대형주에서 중형주로 이동하는 종목의 평균 수익률은 3.5%인 반면, 중형주에서 대형주로 이동하는 종목은 마이너스(-) 0.8%의 수익률을 냈다. LG이노텍(011070), 동서(026960), 한샘(009240), 녹십자(006280), 만도(204320), 효성(004800), HDC(012630) 등이 대형주에서 중형주로 이동해 수익률 개선 가능성이 높은 것으로 조사됐다. 반면 대우조선해양(042660), GS건설(006360), 쌍용양회(003410), 휠라코리아(081660), 현대엘리베이(017800)터, 제일기획(030000), 현대로템(064350), 대우건설(047040) 등은 중형주에서 대형주로 이동할 것으로 예상됐다. 정다이 메리츠종금증권 연구원은 “투자 주체들의 수급 변화로 인한 계절성은 매년 반복되는 패턴을 갖는다”며 “특히 추종 자금이 큰 인덱스 정기변경의 경우 높은 확률로 비슷한 패턴이 반복되기 때문에 시도해 볼만한 전술”이라고 밝혔다."
현대엘리베이,2019.01.18,0619,전체,`경영성과 보다 높은 임원 보수`에 민감한 국민연금,"[이데일리 문승용 기자][이데일리 최정희 기자] 작년 3월말 국민연금은 5%의 지분을 갖고 있는 롯데쇼핑(023530)이 정기주주총회에서 제안한 안건 9개중 8개에 반대표를 던졌다. 당시 K스포츠재단에 뇌물을 공여한 혐의로 2년6개월의 징역을 신고받은 신동빈 롯데그룹 회장 등이 등기임원(사내이사)로 연임하는 등의 안건에 반대했다. 롯데그룹 계열사에 법률자문을 제공하는 법무법인 율촌의 변호사가 사외이사로 연임되는 것에 대해서도 반대 의견을 내놨다. 동양생명(082640), 남양유업(003920)에 대해선 각각 13개, 6개 안건 중 10개, 5개 안건에 반대표를 던졌다. 국민연금이 작년 7월 스튜어드십코드를 도입함에 따라 3월 말 주주총회(이하 주총) 시즌에 상장회사의 주총 안건에 대한 의결권 행사를 강화할 것으로 보인다. 이에 따라 국민연금 지분율이 높은 상장사들은 그동안 국민연금이 어떤 안건에 반대 의사를 내놨는지에 주목하며 대응방안을 고심 중이다. 국민연금이 가장 예민하게 반응했던 것은 ‘임원 등 이사보수한도’에 대한 부분인 것으로 나타났다. ◇ 배당엔 너그러운 국민연금..스튜 도입되면 반대율 늘어날까 17일 한국기업지배구조원이 공개한 작년 코스피 상장회사의 760개 주주총회(정기·임시) 안건을 이데일리가 전수조사한 결과 국민연금이 찬성 또는 반대로 의결권을 행사한 주총은 모두 397건으로 집계됐다. 의결권이 행사된 주총에서 한 건의 안건이라도 반대 의사(경영진 제안 안건)를 표시한 주총 건수는 전체의 62%에 달하는 245건으로 조사됐다. 국민연금이 주총 안건에 대해 반대 의견을 제시하는 비율도 증가하고 있다. 작년 정기주총 기준으로 경영진이 제시한 안건에 대해 반대한 비율은 17.6%로 전년보다 1%포인트 높아졌다. 2년 연속 상승세다. 반대표를 낸 주총(정기·임시) 안건은 총 424건으로 조사된다. 이중 가장 많이 반대한 안건은 ‘이사보수한도’로 34.0%(144건)으로 나타났다. 임원 등 이사보수가 예년과 다름없더라도 경영성과에 비해 과도하다고 판단될 경우 반대했다. 예컨대 한국전력(015760)은 2017 사업연도 당기순이익이 1조원대로 전년보다 무려 80%가량 감소했고 이사회 인원 변동이 없는데도 이사보수한도를 늘리는 안건을 제시했고, 이에 국민연금은 반대했다. 그 다음이 사외이사(21.2%)와 감사 및 감사위원 선임(15.6%)에 대한 것이었다. 국민연금 의결권 지침에 따르면 사외이사가 최근 5년 내 해당 회사나 계열사에 상근 임직원으로 일한 경우 등으로 독립성이 떨어지거나 이사회 참석률이 직전 임기 동안 75% 미만인 경우 반대할 수 있도록 돼 있기 때문이다. 사내이사 선임에 대한 안건도 전체 반대 안건의 14.9%(63건)를 차지했다. 국민연금은 조양호 한진그룹 회장 겸 대한항공 대표이사 회장이 진에어 대표이사로 선임되려고 하자 과도한 겸임이라며 이에 반대했다. 다만 우리나라 배당성향이 17% 수준으로 아시아 신흥국의 절반에 불과한데도 국민연금이 배당이 적다며 반대 의견을 낸 경우는 드물었다. 현대그린푸드(005440), 남양유업(003920) 등 8건 정도에 불과했다. 스튜어드십코드가 도입된 이후엔 안건 반대율이 더 증가할 것이란 의견이 나온다. 이원일 제브라투자자문 대표이사는 “캘리포니아공무원연금(캘퍼스, Calpers) 등 해외 연기금을 보면 주총 안건 반대율이 18~22% 수준”이라며 “우리나라 기업의 지배구조가 나쁜 만큼 스튜어드십코드 도입 초기에는 국민연금 반대율이 평균 15%에서 20% 위로 올라갈 것”이라고 말했다. 이어 “국민연금이 투자하는 종목이 너무 많다 보니 배당이 적은지 많은지에 대한 적절한 분석이 이뤄져야 하는데 위탁운용사에도 이런 부분을 요구하지 않았다”며 “성장이 끝난 기업인데 현금만 쌓아두고 배당을 안 하는 것인지 등에 대한 분석이 이뤄지면 배당 관련 반대율도 늘어날 것”이라고 설명했다. 반면 강윤식 강원대 경영학과 교수는 “국민연금은 우리나라 기관투자가 중 반대율이 가장 높은 쪽에 속한다”며 “스튜어드십코드 도입 전에도 의결권행사지침에 따라 의결권을 행사해왔기 때문에 반대율 증가엔 영향이 없을 것”이라고 말했다. ◇ “스튜 도입되면 잘못된 안건에 경각심 커질 듯”국민연금이 주총 안건에 반대했어도 해당 안건의 가결 여부에는 거의 영향을 주지 못했다. 국민연금이 반대한 424건 중 422건이 경영진의 뜻대로 가결됐다. 현대엘리베이(017800)터의 이사 경영 책임 경감 또는 한국타이어(161390)의 서면의결권 폐지 등이 담긴 정관 변경 안건만 부결됐다.강 교수는 “국내 기업의 소유 구조상 국민연금이 반대한다고 해도 안건이 부결될 가능성은 낮다”며 “다만 잘못된 방향의 안건이 올라왔을 때 시장에 경각심을 주고 주의를 환기시킬 수 있을 것”이라고 말했다. 송민경 지배구조원 스튜어드십센터장도 “반대율을 높여 실제 부결에까지 이르게 할 순 없어도 (잘못된 안건이) 언론을 통해 회자되거나 논의 테이블에 올리게 되면 해당 상장사도 평판을 고려해 다음 번 주총에선 유사한 안건을 올리기 어렵게 될 것”이라고 밝혔다."
현대엘리베이,2019.01.11,0540,전체,"`남북경협株` 뜨는데, 뒷걸음질하는 `통일펀드`","[이데일리 이미나 기자][이데일리 전재욱 기자] 남북 경협에 속도가 붙고 있지만 국내에 출시된 통일펀드의 수익률은 마이너스의 늪에서 헤어나오지 못하고 있다. 김정은 북한 국무위원장이 중국을 방문하고, 북미 2차 정상회담 개최 기대가 커지면서 최근 여타 남북경협 종목이 주목을 받은 것과 상반된다. 이름과 달리 남북 경협주보다는 시가총액 상위종목을 더 담아놓은 탓에 남북관계 개선에 따른 훈풍을 올곧이 누리지 못하는 모습이다. 10일 펀드평가회사 KG제로인에 따르면 삼성액티브자산운용·하나UBS·신영운용·하이운용·KB운용·BNK자산운용이 출시한 8개 통일펀드는 지난 9일을 기준으로 최근 3개월 동안 모두 마이너스 수익률을 기록하고 있다. KB운용의 `KB한반도신성장(주식)A` 수익률이 -12.59%로 가장 저조하고, 신영운용의 `신영마라톤통일코리아30자(채혼)C형`이 -1.92%로 손실 정도가 덜 했다. 최근 1년(-27.13%~-3.58·BNK운용 제외)과 6개월(-14.87~-2.25%) 수익률도 모두 마이너스 수익률이다. 연초 이후 수익률은 그나마 KB운용이 0.56%를 기록할 뿐 나머지는 여전히 -1% 안팎을 오가고 있다.비슷한 기간 남북경협 종목의 주가 흐름과 대비된다. 코스피와 코스닥 시장에서 분류하는 남북경협 주는 넓게 보면 28개사다. 북한 인프라 부문 수혜가 기대되거나 개성공단 입주사다. 이들 개별 종목 주가는 전날을 기준으로 최근 3개월 간 5.9% 상승했다. 6개월과 1년 수익률은 각각 19.5%, 52.7%에 달한다. 아난티(025980) 상승이 가팔랐다. 아난티 주가는 전날 2만6500원으로 거래를 마쳐서 1년 전(2만7450원)과 비교하면 3.4% 낮은 수준이지만 최근 오름세가 무섭다. 전날 종가는 지난해 7월9일 연중 최저치(7010원)와 비교해 6개월 만에 278% 오른 것이다. 지난달 짐 로저스 로저스홀딩스 회장을 사외이사로 데려온 것이 원동력이었다. 북한이 김정은 위원장이 방중한 지난 8일 주가는 전날보다 19.1% 증가한 2만6100원으로 거래를 마쳤다.통일펀드가 보유한 종목이 남북경협 종목과 일치하지 않는 게 괴리를 보인 원인이다. 통일펀드는 장기 투자 관점에서 주로 우량주 종목을 주목한다. 지난해 11월1일 기준 이들 8개 펀드의 포트폴리오 1위 종목은 삼성전자(005930)다. 펀드에 따라 최소 2.47%에서 최대 21.25%까지 삼성전자를 담았다. 삼성전자 외에 삼성 SDI·생명·바이오로직스, LG화학(051910), 포스코(005490), KB금융(105560) 등 시가총액 상위 업종을 주로 담고 있다. 시가총액 상위 종목을 주로 담은 터에 코스피 수익률을 추종한 면이 크다. 코스피 수익률은 1년 -19.4%, 6개월 -10.8%, 3개월 -10.1%, 1개월 -2.4%다. 통일펀드 수익률과 큰 틀에서 유사한 흐름이다.이름만 통일펀드일 뿐 남북경협에 대한 기대를 오롯이 담지 못하고 있는 것이다. 현대엘리베이(017800)터(BNK운용)와 현대건설(000720)(하이운용) 등 남북경협주는 보유 종목 자체가 적을뿐더러, 비중도 3~4%로 미미하다. 일반 주식형 펀드와 차별점이 없는 까닭에 투자자 관심도 적다. 이달 들어 이들 8개 펀드 가운데 `삼성통일코리아자 1[주식]A`을 통해 7억원이 순유입됐다. 나머지 펀드는 자금 유출입이 없거나 유출입 규모가 1억원 미만이었다."
현대엘리베이,2019.01.09,0521,전체,증권사-대기업 TRS거래 현황 어떻길래,"[그래픽=이데일리 이동훈 기자][이데일리 김재은 윤필호 기자] 대기업과 증권사간 총수익스와프(TRS)거래가 크게 늘어나고 있다. 대규모 자금 투입 없이 지분을 취득하고, 계열사를 지원하고자 하는 대기업집단(오너일가, 주요 계열사)과 채권금리보다 높은 수익을 가져가되 투자위험은 거의 없는 증권사 등 금융기관의 이해관계가 맞아 떨어진 영향이다. 문제는 전문투자자가 아닌 일반투자자(기업)의 경우 위험회피(헤지) 목적이 아닌 TRS(장외파생상품) 거래는 자본시장법 위반이라는 데 있다. 금융감독원은 지난해 9월 최근 5년간 10여개 대기업집단에서 30여건의 TRS거래에 대해 계열사 지원, 지분취득 등 의심정황이 있는 것으로 판단, 공정거래위원회에 자료를 넘겼다. ◇ 11개 대기업집단 TRS거래 활용9일 이데일리가 금융감독원 전자공시시스템에 공시된 주요 대기업들의 TRS 거래를 조사한 결과 기업들은 주로 계열사의 자금 조달과 지분 취득, 재무구조 개선, 인수합병(M&A) 등에 TRS를 활용한 것으로 나타났다. 상호출자제한기업집단에선 SK, 현대차(005380), 롯데, CJ(001040), 현대, 두산(000150), 금호, 한진(002320), 효성(004800), 세아, LS(006260) 등 11곳이 검색됐다. 가장 활발하게 TRS거래에 나선 곳은 SK그룹이다. 최태원 회장 뿐 아니라 SK해운, SK E&S, SK 등 다양한 계열사들이 이름을 올렸다. SK그룹 지주사인 SK(034730)는 지난 2017년 10월 자회사인 SK E&S에 TRS거래를 활용해 대규모 재무구조 개선을 꾀했다. 6778억원 규모 3자 배정 유상증자와 관련, 미래에셋대우(006800)와 TRS를 맺고 지분 10% 취득을 대신하게 한 것. 대신 주가 상승이나 하락에 따른 리스크는 SK가 지고, 일정부분 수수료를 미래에셋대우에 지급키로 했다.SK그룹은 해운 사업의 구조조정 과정에서도 TRS를 활용했다. 특히 2017년 4월 기존 SK해운을 SK해운과 SK마리타임으로 분할하는 과정에서 SK는 SK해운의 기존 재무적투자자(FI)에 대한 투자금 상환을 위해 유상증자 신주를 삼성증권에 3850억원에 넘겼고, 이 거래는 TRS 방식으로 진행됐다. SK는 삼성증권에 2022년까지 SK해운 상장을 약속했다. SK해운이 한앤컴퍼니에 매각되더라도 신주 발행을 통한 인수이기 때문에 삼성증권과 맺은 조건은 그대로 유지된다. SK해운은 재무구조 개선을 위해 지난 2012년 해상급유(벙커링) 사업을 물적분할한 자회사 SK B&T를 세웠다. SK B&T FI로부터 투자금을 유치했지만 조건으로 내건 기업공개(IPO)가 여의치 않아 투자자를 교체하는 과정에서 TRS를 활용했다.현대차 그룹은 2016년 1월 순환출자 문제 해소를 위해 현대차와 기아차가 보유한 현대제철(004020) 지분 6.6%(880만여주·4439억원 규모)를 NH투자증권(005940)에 넘기는 TRS계약을 체결했다. 아시아나항공도 2014년 3월 금호산업(002990) 상호출자 문제를 대신증권과 TRS계약을 맺어 해소한 바 있다. 대한항공(003490)은 2014년말 한진해운이 발행한 교환사채(EB) 1960억원과 관련 EB 투자자와 맺은 TRS거래에서 1570억원의 손실이 발생하기도 했다.두산(000150)그룹은 재무구조 개선에 적극적이다. 두산중공업(034020)은 지난해 8월 두산밥캣(241560) 재무구조 개선을 위해 보유지분을 한국투자증권, NH투자증권, 유진투자증권에 TRS거래로 넘기며 자금 3681억원을 조달했다. 두산중공업은 2014년엔 두산건설(011160)에 대해 손실을 보전하며 상환전환우선주(RCPS) 투자자를 대상으로 4000억원 지원에 나선 바 있다. 현대그룹은 경영권 방어 등의 목적으로 예전부터 TRS거래를 활용해왔다. 현대상선(011200), 현대엘리베이(017800)터, 현대유아이 등은 현대증권 2대주주인 자베즈파트너스와 맺은 TRS계약으로 768억원의 손실을 감내해야 했다. 롯데그룹내 호텔롯데는 2017년말 강남 선릉역 인근 L7강남 소유주인 하나금융투자, 마스턴투자운용과 TRS를 맺고 2년간 이 호텔을 임차하기로 했다. 호텔롯데는 일정부분 수수료를 지급하고, 임대실적에 따른 이익과 손실을 가져가는 구조다. 롯데그룹은 앞서 롯데렌털(옛 KT금호렌터카)을 인수할 당시 50%는 호텔롯데, 부산롯데호텔 등 계열사를 통해, 나머지는 신한금융투자, 미래에셋대우 등이 설립한 SPC와 TRS를 맺어 확보하기도 했다. ◇ 공시강화 필요…“TRS 악용 엄단해야”증권사들은 이같은 TRS거래에서 리스크 부담이 거의 없이 채권 투자시보다 더 높은 수익률을 거둔 것으로 알려졌다. 금감원이 밝힌 TRS거래 평균 수수료율 1.8%를 적용할 경우 대기업과의 거래를 통해 최소 1000억원이상의 수수료 수입을 가져간 것으로 추정된다. 금감원은 한국투자증권 단기금융업(발행어음) 제재 방침을 명확히 하면서도 TRS거래에 불똥이 튀는 것을 우려하고 있다. 하지만 이번을 계기로 TRS거래 관련 제도 점검에 나서야 한다는 목소리가 크다. 특히 TRS거래와 관련해선 공시 등의 규제 대상에서 벗어나 있어 개인투자자 등이 알 수 없는 구조다. 금감원이 적발한 최태원 SK그룹 회장과 한국증권 SPC간 TRS거래는 공시된 바 없다. 손실부담 주체가 최태원 회장 개인이기 때문. 설령 기업이 손실부담을 안더라도 사업보고서 주석 등을 모두 뒤져야만 TRS거래 여부를 찾을 수 있다. 이와 관련 금감원 고위관계자는 “아직까지 공시 강화 등을 검토중이진 않지만, 기본적인 접근은 TRS거래를 잘 알리고 제대로 공시하는 게 중요하다는 것”이라고 했다. 황세운 자본시장연구원 연구위원은 “TRS는 시장에서 효용성이 충분히 인정된 파생거래로 상품 자체에 문제가 있지 않다”며 “기업들이 규제를 회피하기 위해 TRS를 악용한 사례는 충분히 나타날 수 있고, 그런 사례에 대해 예외적으로 패널티를 부과하는 게 합리적”이라고 지적했다."
현대엘리베이,2018.11.19,1802,전체,"""법령 없어 위반 아니다""…구멍뚫린 현대엘리 `CB 콜옵션`","[이데일리 윤필호 기자] 금융위원회가 최근 현대엘리베이(017800)터의 전환사채(CB) 콜옵션 거래와 관련, 법령 미비에 따라 법위반은 아니라는 유권해석을 내렸다. 이에 대해 경제개혁연대는 “CB 콜옵션이 현정은 회장의 경영권 방어에 악용됐다”며 “금융당국의 소극적인 접근은 직무유기”라고 비판하고 나섰다. 금융당국은 대주주의 경영권 강화 목적으로 싼 값에 지분을 늘릴 수 있는 우회로에 대해선 입법으로 방지할 방침이다. 19일 경제개혁연대에 따르면 경제개혁연대는 지난 6월 금융위에 현대엘리 CB거래에 대한 자본시장법 위반했는지 유권해석을 요청했고, 금융위는 “현행 자본시장법령은 전환사채 발행과 관련, 콜옵션 부여와 양도를 제한하는 별도 규정을 두고 있지 않다”고 답했다. 현대엘리는 지난 2015년 11월 2050억원 규모의 ‘제35회 무보증 사모 CB’를 발행하며 권면가액 40%에 해당하는 820억원 규모의 CB에 대해 콜옵션을 부여했다. 현대엘리는 지난해 1월 17일 콜옵션을 행사했지만, 같은 날 CB에 대한 매수청구권을 현정은 회장과 현대글로벌에 부여하는 계약을 체결했다. 통상 발행된 CB에 대해 콜옵션이 행사되면 소각되는 게 일반적이지만 같은 날 매수청구권을 부여해 820억원 규모의 CB는 소각할 수 없게 됐다. 향후 현대엘리 주가에 따라 현 회장 등이 현대엘리 보유 CB에 대한 매수청구권을 행사할 경우 현 회장 등의 현대엘리 지분율은 상당 폭 상승하게 된다. 경제개혁연대는 해당 계약이 경영권 강화를 위한 편법 수단이라고 지적했다. 외관상 CB의 콜옵션을 거래했지만, 사실상 분리형 신주인수권부사채(BW)의 워런트(신주인수권)를 발행·양도한 효과를 거뒀다는 것이다. 이와 관련 “현행 자본시장법은 사모 방식의 분리형 BW에서 워런트만 양도하는 것을 금지하고 있다”며 “현대엘리가 법률을 우회해 CB의 발행과 거래만으로 법에서 금지하는 분리형 BW의 워런트를 양도한 것과 동일한 효과를 얻었다”고 비판했다. 금융당국은 현행법상 이를 판단할 근거가 없다는 입장이다. 금융위 관계자는 “경제개혁연대의 질의에 자본시장법 시행령, 감독규정, 고시 등 다 검토했지만 사모 CB 콜옵션에 대한 구체적인 조건에 대해서 규율하는 조문이나 규정 자체가 없었다. 해석하기 위한 근거법 자체가 없는 상황”이라고 설명했다. 또 상법상 발행절차에도 문제가 없다는 게 금융위의 분석이다.경제개혁연대는 관련법안의 필요성을 제기했다. 이들은 “국회가 나설 수밖에 없다”면서 “국회는 이번에 드러난 문제점을 탈법행위로 규율해 향후 금융당국이 적극적 제재를 할 수 있는 근거를 마련해 줄 것을 제안한다”고 강조했다.한편 이날 현대엘리베이터 주가는 전 거래일 대비 5.78% 오른 9만5100원에 장을 마쳤다. 그동안 부담이었던 금융위의 조사 결과, 위법성이 없다는 유권해석이 나오면서 호재로 작용한 것이다.금융위 관계자는 “CB에 대한 콜옵션 부여를 전면 금지할 경우 부당한 규제가 될 수도 있다”며 “대주주의 경영권 강화 목적으로 부당하게 싼 값에 자금조달하는 부분 등에 대해 해외사례 등을 검토해 입법을 추진하겠다”고 말했다."
현대엘리베이,2018.08.16,1714,전체,"투자심리 냉각에도, 들썩이는 남북경협株","하반기 현대로템 주가 추이 (자료=마켓포인트)[이데일리 이광수 기자] 무역전쟁과 터키발(發) 금융위기 우려에 투자심리가 위축된 가운데 남북경협주(株)가 두각을 나타내고 있다. 3차 남북 정상회담이 내달 열리기로 확정된 데다, 전날 문재인 대통령이 ‘동아시아철도공동체’안을 제시하며 또 다시 힘을 받는 모양새다. 16일 마켓포인트에 따르면 유가증권시장에서 대표적인 철도주인 현대로템(064350)은 전 거래일 보다 2100원(7.50%)오른 3만100원에 장을 마쳤다. 반면 코스피는 지지부진한 흐름을 이어갔다. 이날 코스피는 전 거래일 보다 18.11포인트(0.80%) 내린 2240.80으로 장을 마감했다. 장초반에는 2218.09까지 빠지며 연중 최저치를 경신하기도 했다. 문재인 대통령은 전날 제73주년 광복절 축사에서 “동북아 6개국과 미국이 함께 하는 ‘동아시아철도공동체’를 제안한다”고 밝혔다. 6개국은 한국과 북한, 중국, 일본, 러시아, 몽골이다. 이 영향으로 동아지질(028100)과 대아티아이(045390), 에코마이스터(064510), 대호에이엘(069460) 등 다른 철도 관련주도 4~9%대 강세를 보였다. 동아시아철도공동체가 현실화되면 철도주가 가장 먼저 수혜를 볼 것이란 기대감이 작용한 것으로 분석된다. 거래대금 측면에서도 남북경협주가 매력있는 투자처라는 분석도 나온다. 김상호 신한금융투자 연구원은 “최근처럼 순환매 장세에서는 상승하는 주식을 따라가기 보다는 모멘텀이 생길 수 있는 테마를 선택하는 것이 유리하다”며 “거래대금이 막 늘기 시작한 남북경협주가 수혜를 받을 가능성이 높다”고 설명했다.대북 송전 관련주도 강세를 보였다. 제룡전기(033100)와 광명전기(017040)등은 각각 10.19%, 8.09% 올랐다. 이 밖에도 개성공단 관련주인 좋은사람들(033340) 역시 전 거래일 보다 245원(5.78%)오른 4485원에 거래를 마쳤다. 제이에스티나(026040)와 신원(009270), 인디에프(014990) 등도 3~4% 상승 마감했다. 다만 현대엘리베이(017800) 등 일부 남북경협주의 경우 오전 상승폭을 상당부분 반납하는 등 큰 변동성을 보여 투자자들의 주의도 필요하다는게 전문가들의 설명이다. 양형모 이베스트투자증권 연구원은 “지난 4월 중순부터 상승세에 접어들었던 남북 경협종목들의 주가가 6월 전후로 고점을 찍은 뒤 크게 하락했고 최근 소폭 반등한 상황”이라며 투자자들의 주의를 요했다."
현대엘리베이,2018.06.18,1700,전체,K-OTC까지…영역 넓히는 남북경협 ‘훈풍’,"[이데일리 이광수 기자] 남북경협 기대감이 장외주식시장(K-OTC)에도 퍼지고 있다. 최근 남북·북미 정상회담 등으로 남북경제협력 기대감이 높아지며 코스피·코스닥 시장에서 관련 종목들이 크게 상승한 데 이어 상대적으로 투자자들의 관심이 뜸했던 K-OTC에서도 관련 종목 거래가 늘어나고 있다. 18일 금융투자협회에 따르면 K-OTC 시장 시가총액의 3분의 1(33.83%)을 △현대아산 △SK건설 △LS전선 △포스코건설 등 남북경협 관련 종목들이 차지한 것으로 나타났다. 남북·북미 정상회담 등으로 남북경협 기대감에 이들 기업의 주가가 크게 뛴 영향이다. 최근 1년 현대아산 주가 추이 (자료=금융투자협회)가장 가파른 주가 상승을 보인 것은 현대아산이다. 1~2만원대를 오가던 현대아산의 주가는 남북경협 기대감에 지난 3월부터 6만원대로 급등해 연초 대비 약 173%뛰었다. 북미정상회담이 지난 후에도 주가는 4만원 후반대에서 6만원대를 오가고 있다. 이 기간 현대아산의 시가총액도 기존 3000억원대에서 이날 기준 1조 1162억원으로 불어났다. 현대아산은 고 정주영 현대 창업주가 지난 1999년 설립한 금강산 개발·관광과 남북경제협력사업 등을 위해 설립한 회사다. 시장에서 주목하는 것은 현대아산이 지난 2000년 1차 정상회담 이후 북측으로 받은 7개 사회간접자본(SOC) 사업권이다. 이 사업권에는 전력사업과 통신사업, 철도사업, 통천 비행장, 임진강댐, 금강산 수자원 사업 등이 포함돼 있다. 이러한 기대감으로 코스피 시장에 상장된 현대엘리베이(017800)의 주가도 덩달아 올랐다. 현대엘리베이의 주가는 연초 대비 96.3% 상승했다. 이상우 유진투자증권 연구원은 “현대엘리베이를 판단하는 근거에는 지분 67.58%를 보유중인 현대아산의 가치가 반영돼 있다”고 설명했다. 같은 기간 K-OTC의 LS전선은 남북 연결 전선망 구축산업 등의 기대감으로 25.8% 상승했다. 김지산 키움증권 연구원은 “LS(006260)는 남북 화해 시대에 실질적인 수혜가 기대된다”며 “경협의 우선단계로 전력인프라 지원시 LS전선과 LS산전의 역할이 클 것”이라고 말했다. 이 밖에도 건설 업종이 대표적인 남북경협주로 거론되면서 SK건설이 연초대비 56%가량 주가가 올랐다."
현대엘리베이,2018.06.13,0505,전체,"금융투자업계, 北 관련 새로운 ‘수익 찾기’ 분주","					금융투자업계가 북한과 연결되는 새로운 먹거리를 발굴하는 데 한창이다. 북한 전담 연구팀을 만들고 이른바 ‘통일펀드’를 출시하는 등 발 빠르게 움직이고 있다. 국내 금융시장도 ‘북한 리스크’ 완화에 힘입어 안정세를 이어가고 있다. 다만 북·미 정상회담일 남북 경협주는 차익 매물에 약세를 보였다. 12일 금융투자업계에 따르면 삼성증권의 북한 전담 리서치팀은 이번 주 안에 첫 투자보고서를 발간할 예정이다. 삼성증권은 최근 업계 최초로 북한과 관련된 투자분석을 담당할 리서치팀을 만들었다. 삼성증권 관계자는 “한반도의 지정학적 상황이 단기 테마를 넘어 중장기적인 성장 모멘텀으로 발전했다고 보고 대응하는 차원”이라며 “첫 보고서엔 북·미 정상회담 이후의 투자 전략이 담기는데 투자자들의 문의가 많이 들어온다”고 설명했다. 남북 경제협력의 수혜가 예상되는 주식 종목에 투자하는 통일펀드도 잇따라 등장하고 있다. BNK자산운용은 지난 11일 통일펀드인 ‘BNK 브레이브뉴코리아 증권투자신탁1호’를 내놓았다. 앞서 삼성액티브자산운용과 하이자산운용, 하나UBS자산운용 등도 통일펀드를 출시했다. 이윤학 BNK자산운용 대표는 “남북관계 진전은 인프라와 철도 등 특정 종목뿐 아니라 한반도 금융 전체에 플러스 효과를 줄 것”이라고 설명했다. 실제로 금융시장에 ‘한반도 훈풍’이 이어지고 있다. 국가 부도위험을 나타내는 신용부도스와프(CDS) 프리미엄은 지난 4월부터 40bp(1bp=0.01% 포인트) 수준을 유지하고 있다. 지난달 11일엔 북·미 정상회담 개최 소식에 힘입어 40bp까지 떨어지며 19개월 만에 최저치를 기록했다. 원·달러 환율도 달러화 가치 강세 속에서 1060∼1070원선을 유지하고 있다. 다만 남북 경협주는 12일 주식시장에서 단기 급등에 따른 차익 매물을 쏟아냈다. 부산산업(-9.69%) 현대건설(-3.73%) 현대엘리베이(-3.63%) 등이 하락했다. 이 여파로 코스피지수는 전 거래일보다 0.05% 떨어진 2468.83에 장을 마쳤다. 한지영 케이프증권 연구원은 “정상회담 결과가 장 마감 전 구체적으로 나오지 않은 데다 미국 기준금리 인상 여부를 결정하는 연방공개시장위원회(FOMC) 회의 개최를 앞두고 투자심리가 약화됐다”고 분석했다. 그러나 시장 전문가들은 기준금리 관련 불확실성이 해소되면 국내 증시가 본격적으로 ‘북핵 리스크’ 완화 효과를 볼 것이라고 전망한다. 국제신용평가사 스탠더드앤드푸어스(S&P)는 이날 “북·미 정상회담이 북한 지도부의 즉각적인 변화로 이어질지는 불확실하다”면서도 “한국의 국가 신용도(AA·안정적)엔 긍정적”이라고 평가했다.안규영 기자 kyu@kmib.co.kr"
현대엘리베이,2018.06.05,2044,전체,[여의도 stock] 外人·개인 “사자”… 코스피 2450선 회복,"					코스피지수가 나흘 연속 상승기류를 타며 5거래일 만에 2450선을 회복했다. 코스피지수는 5일 0.25% 오른 2453.76에 장을 마쳤다. 장 초반에 2432까지 떨어졌다가 상승 반전했다. 한국거래소는 “4월 경상수지 지표가 부진하고 3거래일 연속 상승에 따른 차익매물이 나오면서 지수가 하락했지만, 장 후반에 외국인이 매수세로 돌아서면서 지수가 상승했다”고 분석했다. 외국인이 219억원, 개인은 915억원을 순매수했다. 기관이 1301억원을 순매도했다. 외국인은 전기전자(963억원)·유통(297억원)·건설(270억원) 업종에서 집중적으로 사들였다. 이에 따라 건설(2.7%) 의료정밀(2.1%) 비금속(0.9%) 업종 등이 상승했다. 그동안 급등세를 보였던 남북 경협주에선 일부 종목이 하락세를 보였다. 시장 전문가들은 “북·미 정상회담을 1주일 앞두고 차익실현 매물이 쏟아졌다”고 설명했다. 부산산업(-2.94%) 현대로템(-4.19%) 남광토건(-1.57%) 등이 내렸다. 고려시멘트(1.76%) 현대엘리베이(2.48%) 현대시멘트(6.93%) 등은 장 초반 하락세를 보였지만 낙폭을 줄인 후 상승 마감했다. 코스닥지수는 0.03% 내린 877.16에 거래를 마쳤다. 에이치엘비(-8.73%) 바이로메드(-3.16%) 펄어비스(-4.43%) 등 그간 모건스탠리캐피털인터내셔널(MSCI) 지수 편입을 앞두고 가파르게 올랐던 종목들이 내림세를 탔다. 원·달러 환율은 전 거래일보다 1.2원 하락한 1070.7원에 마감했다. 종가 기준으로 지난달 14일(1068원) 이후 가장 낮은 수준이다.안규영 기자"
현대엘리베이,2018.05.28,1939,전체,[여의도 stock] 남북 경협株 급등에 64개 종목 상한가,"					남북 경협주가 줄줄이 상한가를 치며 부활을 알렸다. 현대건설은 28일 전 거래일보다 29.89% 오른 7만9100원을 찍으며 상한가로 장을 마감했다. 52주 신고가도 갈아치웠다. 현대건설 우선주는 개장과 동시에 상한가(6만4500원)로 치솟았다. 현대엘리베이(29.46%) 한일시멘트(29.58%) 부산산업(29.83%) 등도 큰 폭으로 올랐다. 이들 종목이 포함된 건설업과 비금속광물은 각각 14.75%, 21.45% 뛰었다. 이날 코스피·코스닥시장에서 상한가를 기록한 종목은 총 64개에 달했다. 가격제한폭이 15%에서 30%로 확대된 2015년 이후 최대치다. 전문가들은 단기적으로 남북 경협주의 반등세가 이어질 것으로 내다본다. 다만 “중장기 관점에서는 여전히 변동성이 클 것이기 때문에 실제 수혜 여부, 실적 등을 고려해 투자에 유의해야 한다”고 조언한다. 현대건설은 지난 25일 북·미 정상회담 취소 여파로 9.78% 급락하며 약 한 달간의 상승폭을 모두 내놓았었다. 코스피지수는 0.74% 상승한 2478.96에 거래를 마쳤다. 3거래일 만에 오름세였다. 개인이 2636억원을 순매수하며 지수를 끌어올렸다. 외국인이 1617억원, 기관이 1373억원을 순매도했다. 한국거래소는 “해외 증시가 혼조세를 보였지만 남북 경협주 강세가 지수에 긍정적 영향을 미쳤다”고 분석했다. 항공주는 국제유가 하락 영향으로 일제히 강세를 보였다. 대한항공(3.62%) 아시아나항공(2.74%) 제주항공(4.08%) 등이 올랐다. 지난 25일(현지시간) 뉴욕상업거래소(NYSE)에서 7월 인도분 서부 텍사스산 원유(WTI)는 전날보다 배럴당 2.83달러(4.0%) 내린 67.88달러에 마감했다.안규영 기자 kyu@kmib.co.kr"
현대엘리베이,2018.04.30,1725,전체,"현대그룹株, 남북 정상회담에 빛보나","[이데일리 이후섭 기자] 남북 정상회담 이후 경제협력 분위기가 고조되면서 현대그룹도 활기를 되찾고 있다. 10년만에 금강산 관광 재개 기대감이 커지면서 주식시장의 주목을 받고 있다. 30일 마켓포인트에 따르면 현대엘리베이(017800)터는 전날 대비 1만100원(10.76%) 오른 10만4000원에 거래를 마쳤다. 현대엘리베이터는 현대아산의 지분 67.58%를 보유한 최대주주로 남북 화해무드가 조성되면서 이달 주가가 30% 넘게 급등했다. 지난 23일에는 장중 11만1500원까지 오르며 52주 신고가를 경신하기도 했다. 지난 27일 열린 남북 정상회담에서 발표된 합의문에 따르면남과 북은 2007년 10·4 선언에서 합의한 사업들을 적극 추진해 나가며 1차적으로 동해선 및 경의선 철도와 도로를 연결하기로 했다. 더불어 남과 북이 다방면의 협력과 교류, 왕래와 접촉을 활성화하기로 했으며개성지역에 남북공동연락사무소를 설치하고 올해 8·15를 계기로 이산가족 상봉행사도 개최하기로 했다.대북 관광사업의 물꼬도 다시 트일 것으로 기대된다. 특히 현대아산은 금강산·개성 관광과 개성공단 개발사업권 등을 갖고 있는 남북경협 대표 기업으로 꼽힌다. 현대아산은 초기 시설투자 2300억원 등 금강산 사업에 총 7100억원을 투자했다. 지난 2005년 누적 관광객 100만 명을 돌파하며 승승장구하던 금강산 관광사업은 2008년 관광객 피격 사건을 계기로 중단됐다. 이번 정상회담에서 금강산관광 재개 문제가 구체적으로 논의되지는 않았고 북한에 대한 유엔 제재 등이 걸림돌로 남아있지만 북미 정상회담 이후 북한의 비핵화가 빠르게 진행될 경우 이르면 올해 안에 금강산관광 재개도 가시화될 것이란 전망이 나온다. 현대그룹도 정상회담 이후 남북경협에 최선을 다할 것이란 입장을 내며 기대감을 내비쳤다.금강산관광 재개 기대감이 고스란히 반영되며 비상장 주식을 거래하는 K-OTC시장에서 현대아산 주가는 지난 3월 초 1만4000원선에서 이날 기준 5만3000원을 넘어서며 280% 급등했다. 현대아산의 시가총액도 1조2854억원에 달한다. 이상우 유진투자증권 연구원은 “현재 실적보다는 향후 사업재개에 따른 기대감이 반영돼 있지만 최근 남북 관계개선 상황을 애써 무시할 필요는 없다”며 현대엘리베이터에 반영되는 현대아산의 지분가치를 8200억원으로 평가했다. 이를 감안해 현대엘리베이터에 대한 목표가를 종전 7만원에서 10만4000원으로 상향 조정했다.현대엘리베이터의 중국 증설효과도 주가 상승세에 힘을 보탤 것으로 기대된다. 최근 현대엘리베이터는 기존 연간 7500대 수준의 생산설비를 2만5000대로 늘리는 투자를 결정했다. 이 연구원은 “중국 내수시장 뿐 아니라 해외시장 진출을 위한 생산거점으로 중국설비는 향후에도 중요한 위치를 차지할 것”이라고 내다봤다."
현대엘리베이,2018.04.29,0111,전체,물꼬 터진 남북경협…남북경협株도 `꿈틀`,"[이데일리 이후섭 기자] 남북 정상회담 당일 국내 증시는 남북 경제협력주(株)가 주도하면서 코스피지수가 장중 한 때 2500선을 돌파하기도 했다. 특히 대북 철도·송전주를 비롯해 개성공단 입주기업 등이 강세를 이어갔다. 동해선·경의선 철도 연결 등 이번 회담을 통해 남북경협 물꼬가 터진 만큼 남북경협주도 당분간 상승세를 이어갈 것으로 전망된다.29일 마켓포인트에 따르면 지난 27일 대아티아이(045390)는 전날대비 780원(25%) 오른 3900원에 거래를 마쳤다. 대호에이엘(069460)이 13% 넘게 올랐으며 에코마이스터(064510) 현대로템(064350) 서암기계공업(100660) 등도 4~6%의 주가 상승률을 기록했다. 대북 송전주로 분류되는 세명전기(017510) 제룡전기(033100) 광명전기(017040) 선도전기(007610) 등도 상승 마감했다.정상회담 당일 오전 문재인 대통령이 김정은 북한 국무위원장과의 회담에서 철도 관련 내용을 언급한 것이 투자심리를 자극한 것으로 보인다. 문 대통령은 ‘북한은 교통이 안 좋다’는 김 위원장 말에 “앞으로 북한과 남한이 철도로 연결되면 남북이 고속철도를 이용할 수 있다”고 답했다. 기대감은 실제 결과로도 이어졌다. 정상회담 후 발표한 합의문에 따르면 남과 북은 2007년 10·4 선언에서 합의한 사업들을 적극 추진해 나가며 1차적으로 동해선 및 경의선 철도와 도로를 연결하기로 했다. 정상회담 당일 토목·건축 등 인프라 관련 업종은 차익실현 매물이 쏟아지며 조정받는 모양새였지만 이날 합의문 발표로 앞으로 수혜가 예상된다.좋은사람들(033340) 재영솔루텍(049630) 신원(009270) 등 개성공단 입주기업들도 동반 상승세를 보였다. 남과 북이 각계각층의 다방면적인 협력과 교류, 왕래와 접촉을 활성화하기로 한 만큼 지난 2016년 2월 이후 중단된 개성공단 재가동에 대한 기대감이 커지고 있다. 개성에 설치키로 한 남북공동연락사무소를 두고 문 대통령은“여기서 10·4 선언 이행과 남북 경제협력사업 추진을 위한 남북 공동조사 연구작업이 시작될 수 있기를 기대한다”고 말하기도 했다. 증권가에서도 인프라가 이미 구축돼 있다는 점에서 단기 성과가 가시화될 수 있는 남북경협주로 개성공단 관련주를 꼽고 있다. 대북 관광사업 수혜주로 꼽히는 현대엘리베이(017800) 에머슨퍼시픽(025980) 등도 주목받을 것으로 보인다. 현대엘리베이는 금강산 관광 등 현대그룹 내 대북 민간사업을 주도해 온 현대아산의 최대주주다. 다만 그간 남북경협주는 기대감이 선반영되면서 단기 급등한 만큼 향후 협상 진행경과에 따라 주가 차별화가 나타날 것으로 전망된다. 유승민 삼성증권 연구원은 “북한의 핵협상 개시 이후 비핵화 프로세스에 대한 합의와 이를 토대로 국제연합(UN) 제재가 해제돼야 북한과의 정상적 거래와 투자 가능할 것”이라며 “최근 국내 증시에서 나타나고 있는 과도한 주가 반응은 향후 협상진행 경과에 따라 선별할 필요가 있다”고 판단했다."
현대엘리베이,2016.02.24,1733,전체,현대증권 매각 걸림돌 뽑혔다,"		 현대엘리 우선매수청구권 조건 완화본입찰전 인수가 써내 공정경쟁우선매수권 기준 이하때만 행사 현대그룹은 현대엘리베이(017800)터가 보유한 현대증권(003450) 우선매수청구권 행사 조건을 완화하기로 했다. 현대엘리베이터의 우선매수권이 현대증권 매각을 위한 입찰의 공정성을 훼손하고 있다는 지적을 받아들인 것으로 현대증권 매각 작업이 한층 탄력을 받을 것으로 전망된다. 현대엘리베이터는 24일 이사회를 열어 현대증권 본입찰 전에 인수 가격을 써내 다른 인수 후보자들과 공정하게 경쟁하기로 결정했다.현대그룹 관계자는 ""현대엘리베이터가 써낸 기준가격 이상에서 최고 응찰자가 나올 경우 현대엘리베이터는 우선매수청구권을 행사하지 않고 기준가격 이하로 응찰될 경우 현대엘리베이터가 기준가격으로 우선매수청구권을 행사할 수 있게 되는 것""이라고 설명했다. 지금까지는 다른 인수후보들이 높은 가격을 써내 우선협상대상자가 되더라도 이후 현대엘리베이터가 우선매수권을 행사하면 인수가 어려워지는 것 아니냐며 불만을 제기해왔다. 지난해 진행된 현대증권 매각 과정에서도 현대그룹의 '파킹딜(경영권을 매각하는 것처럼 꾸미고서 일정 기간 뒤 다시 지분을 되사는 계약)' 의혹이 불거지는 등 매각 의지의 진정성을 의심받기도 했다. 현대그룹은 이번 조치로 우선매수권은 헐값 매각을 방지하는 기능만을 하게 됐다고 설명했다. 그룹 관계자는 ""시장의 의구심을 해소하고 공정하고 투명한 입찰 과정을 통해 최선의 매각이 성사되길 기대한다”며 “현대상선의 구조조정이 소기의 성과를 달성할 수 있도록 하기 위한 현대그룹의 의지가 반영된 것""이라고 강조했다.현대증권 인수의향서 제출 마감일은 이달 29일이다. 현대그룹은 다음 달 말까지 매각을 완료하겠다는 입장이다. 현재 한국금융지주와 KB금융지주 등이 의향서를 제출하고 실사에 돌입한 상태다.서민우·임진혁기자 ingaghi@sed.co.kr ▶ 돈이 보이는 뉴스 '서울경제 페이스북' ""좋아요 클릭클릭~""▶ '썸 타는' 특별한 뉴스~ '서울경제썸 페이스북' 바로가기~[ⓒ 서울경제, 무단 전재 및 재배포 금지]	"
현대엘리베이,2016.02.11,1801,전체,북한 리스크에… 경협주 울고 방산주 웃고,"		 현대상선 등 10% 넘게 뚝무선기기 제조 빅텍 상한가KAI 등 대형 방산주는 약세 북한의 장거리 미사일 발사와 우리 정부의 개성공단 가동 전면 중단에 북한 관련주들의 희비가 엇갈렸다. 현대상선(011200) 등 남북경제협력 관련주는 10% 넘게 급락한 반면 빅텍 등 방위산업 관련주들은 불안한 남북관계가 진행되는데다 고고도미사일방어체계(THAAD·사드) 조기배치론에 힘입어 강세를 보였다. 11일 한국거래소에 따르면 현대상선은 전 거래일 대비 19.57%(595원) 떨어진 2,445원에 거래를 마감했다. 현대엘리베이(017800)터도 14.35%(6,850원) 떨어진 4만900원에 장을 마쳤다. 현대상선은 금강산 관광 사업권을 지닌 현대아산의 최대주주이며 현대엘리베이터는 현대상선의 최대주주여서 대표적 남북경협주로 분류된다. 개성공단 셧다운으로 개성공단에 입주한 기업들의 주가도 곤두박질쳤다. 재영솔루텍(049630)은 전 거래일보다 23.92%(500원) 떨어졌으며 인디에프(014990)(-18.44%)와 좋은사람들(033340)(-16.90%), 로만손(026040)(-13.92%), 신원(009270)(-8.78%) 등도 줄줄이 급락했다. 이 밖에 금강산관광지구에 리조트를 가지고 있는 에머슨퍼시픽(025980)(-11.71%)을 비롯해 남해화학(025860)(-4.77%), 제룡산업(147830)(-4.53%) 등도 하락세로 마감했다. 반면 방산주의 주가는 급등했다. 항행용 무선기기·측량기구 제조업체인 빅텍은 전 거래일 대비 29.93%(835원)나 오른 3,625원에 거래를 마쳐 상한가로 치솟았다. 해군에 함안정기(항해 중 파도나 바람에 의해 발생되는 함정의 횡동요를 감쇄시키는 설비)를 공급하는 스페코도 전 거래일 대비 28.26% 올랐고 무기·총포탄 제조업체인 퍼스텍도 7.45% 상승 마감했다. 방산주의 상승은 북한의 미사일 발사 등 경색된 남북관계와 더불어 사드의 한반도 배치 협의가 공식화된 데 따른 것으로 풀이된다. 강태현 KTB투자증권 연구원은 ""북한의 미사일 발사와 사드 배치 논의는 동아시아 지역의 군사적 긴장감을 고조시킬 것""이라며 ""이는 한국과 중국 일본 등 주변국의 국방비 지출액 증가로 이어져 방산업종에 우호적 환경으로 작용할 것""이라고 분석했다.한편 한화테크윈(-4.46%)과 한국항공우주(-1.70%), LIG넥스원(-0.85%) 등 대형 방산주의 주가는 되레 하락했다. 한 증권사 관계자는 ""대북 리스크 등으로 인한 방산주의 주가 상승은 실제 기업의 펀더멘털과는 별개의 것으로 봐야 한다""며 ""일시적으로 쏠린 매수세가 사라질 경우 주가가 급락할 수 있기 때문에 테마성 투자에 유의해야 한다""고 전했다.김연하기자 yeona@sed.co.kr ▶ 돈이 보이는 뉴스 '서울경제 페이스북' ""좋아요 클릭클릭~""▶ '썸 타는' 특별한 뉴스~ '서울경제썸 페이스북' 바로가기~[ⓒ 서울경제, 무단 전재 및 재배포 금지]	"
현대엘리베이,2016.01.19,1808,전체,"""반등 가능성 큰 낙폭과대주 찾아라""","		 ""실적 개선 종목 저가매수 할때""한국항공우주·아스트 등 관심 코스피지수가 저가매수에 힘입어 4거래일 만에 상승하면서 기술적 반등이 기대되는 낙폭 과대주에 대한 관심이 높아지고 있다. 전문가들은 낙폭과대주 중 실적개선이 기대되는 종목 중심으로 저가매수에 나설 것을 주문했다. 19일 거래소에 따르면 코스피지수는 전일 대비 0.60%(11.19포인트) 상승한 1,889.64포인트에 장을 마쳤다. 장 초반 연이은 외국인 매도세에 1,866선까지 내려갔지만 개인과 기관의 저가 매수세 유입으로 상승 전환에 성공했다.전문가들은 당분간 저가매수세 유입이 이어질 것으로 전망했다. 위안화 약세, 중국 경기 둔화 확산, 국제유가 및 원자재가격 하락 등 시장 불안요소가 여전히 남아 있지만 코스피의 추가 하락 리스크는 제한적일 것으로 보고 있기 때문이다. 이준희 NH투자증권(005940) 연구원은 ""코스피가 장중 1,880선을 밑돌아 12개월 선행 주가순자산비율(PBR)이 0.889배까지 내려갔다""며 ""청산가치 수준을 밑도는 극심한 저평가 구간에 들어서 코스피의 추가 하락 리스크는 제한적""이라고 전망했다. 임상국 현대증권(003450) 연구원도 ""트레이딩 관점에서 매수 시기를 고려해볼 만하며 낙폭 과대주 중 성장성을 기반으로 한 실적주에 관심을 가져야 한다""고 말했다.증권정보제공업체인 와이즈에프엔에 따르면 연초 대비 낙폭 과대 종목 중 지난해 4·4분기 순이익이 전년 동기 대비 개선될 것으로 예상되는 기업은 한국항공우주(047810)·아스트·아이마켓코리아(122900)·성신양회(004980)·현대엘리베이(017800)터·메리츠화재(000060) 등이다. 한국항공우주의 경우 지난 4·4분기 지배주주 순이익이 전년 대비 97.2% 늘어날 전망이지만 연초 이후 주가는 오버행 이슈가 겹치며 13.44%(18일 종가기준) 하락했다. 아이마켓코리아와 성신양회·메리츠화재 등도 순이익 증가율이 50% 이상 크게 개선될 것으로 시장에서 전망하고 있지만 주가는 대부분 10% 이상 크게 하락한 상태다. OCI머티리얼즈(036490)도 지난해 영업이익이 전년 대비 327.4% 급증하는 등 어닝서프라이즈 수준의 실적을 기록했지만 연초 대비 주가는 12.8% 하락했다. 이정 유진투자증권 연구원은 ""OCI머티리얼즈는 지난해에 이어 올해도 실적 성장세를 이어갈 것으로 전망된다""며 ""성장성을 감안할 때 현 주가에서는 적극적으로 매수해야 한다""고 말했다.노현섭기자 hit8129@sed.co.kr ▶ 돈이 보이는 뉴스 '서울경제 페이스북' ""좋아요 클릭클릭~""▶ '썸 타는' 특별한 뉴스~ '서울경제썸 페이스북' 바로가기~[ⓒ 서울경제, 무단 전재 및 재배포 금지]	"
현대엘리베이,2015.11.10,2142,전체,현대그룹 '상선' 보유 '증권' 지분 유동화 추진,"		 ""4000억 조달, 산은 대출 상환""현대엘리베이터서 인수 가능성 현대그룹이 자금조달을 위한 비상대책으로 현대상선이 보유한 현대증권 지분(22.43%)을 유동화하는 방안을 추진한다. 이 지분이 시장에서 소화되기 어려운 상황에서 현대엘리베이터가 인수할 가능성도 제기된다.10일 금융권과 금융당국에 따르면, 현대그룹은 현대상선의 현대증권 보유 지분을 담보로 유동화 위기를 해결하는 쪽으로 가닥을 잡은 것으로 알려졌다. 현대그룹은 지난해 4월 현대상선의 현대증권 보유 지분 22.43%중 14.9%를 담보로 산업은행에서 2,000억원을 대출받았다. 나머지 5.5% 가량은 담보로 잡히진 않았지만 산은에서 이 지분에 대해 ‘동반매각권’을 설정해놓은 상태다.현대그룹은 산은과의 담보권을 해지한 후 이 지분을 담보로 다시 대출을 받을 경우 4,000억원 이상의 자금을 조달할 수 있을 것으로 판단하고 있으며 이 재원으로 2,000억원의 대출금을 상환하겠다는 구상이다. 이와 관련 현대엘리베이터가 현대상선의 현대증 지분을 인수하는 방안이 유력한 시나리오 중 하나로 거론되고 있다. 현대엘리베이터가 현대증권 지분을 장부가로 인수한다고 가정할 경우 대출금을 상환하더라도 현대상선에 4,400억원 규모의 자금이 유입된다. 현대상선에 유동성이 유입될 뿐 아니라 산은 요구조건도 충족시키는 셈이다. 채권단 관계자는 “현대엘리베이터가 현대상선이 보유한 현대증권 지분을 매입하는 것은 가능한 시나리오지만 제약이 많아 단기간에 추진하긴 어려울 것”이라고 말했다. 금융당국 역시 이에 대해 부정적인 입장을 보이고 있다. 금융당국 관계자는 “현대그룹으로선 현대증권 보유지분을 유동화하는 것 밖에 방법이 없다”면서도 “현대엘리베이터가 이 지분을 매각할 경우 현대그룹은 현대증권만 살리겠다는 것으로 보여, 이에는 철저한 검증이 필요하다”고 말했다.한편, 현대그룹은 현대상성의 현대증권 보유지분 유동화에 대해 “현대그룹은 아직 자구안에 대해 산업은행에 어떤 내용도 전달한 바가 없다”면서 “지분 유동화 등에 대해선 어떤 것도 정해진 바 없다”고 말했다.김보리기자 boris@sed.co.kr ▶ 돈이 보이는 뉴스 '서울경제 페이스북' ""좋아요 클릭클릭~""▶ '썸 타는' 특별한 뉴스~ '서울경제썸 페이스북' 바로가기~[ⓒ 서울경제, 무단 전재 및 재배포 금지]	"
현대엘리베이,2015.08.21,1808,전체,북한 포격 도발에… 방산주 '웃고' 경협주 '울고',"		 빅텍 28.59%↑ 현대상선 3.47%↓ 북한의 포격 도발로 방위산업주와 남북경제협력주의 희비가 엇갈렸다. 21일 한국거래소에 따르면 대표적인 남북경협주인 현대상선(011200)은 전날 대비 3.47% 하락한 5,010원에, 현대상선의 최대주주인 현대엘리베이(017800)터는 8.06% 하락한 5만8,200원에 거래를 마쳤다. 이외에도 재영솔루텍(049630)(-10.20%), 로만손(-5.20%), 이화전기(-3.81%), 광명전기(-3.43%), 선도전기(007610)(-3.64%) 등 개성공단 관련주 등도 줄줄이 하락했다. 반면 방산주인 빅텍(065450)은 무려 28.59%나 급등했으며 스페코(013810)(19.28%), 퍼스텍(8.64%) 등도 큰 폭의 오름세를 보였다. 전문가들은 남북관계에 따라 춤추는 남북경협·방산 테마주 투자에 신중하라고 조언했다. 과거 핵실험 등 북한과 관련한 테마가 등장했을 때 관련주들이 급등락을 거듭하다가 결국 실적에 따라 제자리를 찾아가는 현상이 반복됐다는 이유에서다. 게다가 앞으로의 남북관계 흐름을 예상하기 어려운 상황이기 때문에 섣불리 투자했다가는 낭패를 볼 수 있다는 것이다. 오현석 삼성증권 투자전략센터장은 ""대북 리스크는 장기적으로 펀더멘털(기초여건)에 영향을 주기보다는 심리적인 요인으로 더욱 크게 작용하고 있어 단기 주가에만 영향을 끼치는 경우가 대부분""이라며 ""과거에도 수차례 경험했듯이 일반 투자자들은 '그들만의 리그'에 섣불리 접근하지 않는 것이 바람직하다""고 조언했다.연승기자 yeonvic@sed.co.kr▶ 돈이 보이는 뉴스 '서울경제 페이스북' ""좋아요 클릭클릭~""▶ '썸 타는' 특별한 뉴스~ '서울경제썸 페이스북' 바로가기~[ⓒ 서울경제, 무단 전재 및 재배포 금지]"
현대엘리베이,2015.07.09,1725,전체,"분리형 공모BW 2년여만에 발행… ""조선·건설업 돈맥경화 해소될 것"""," 개정안 통과로 이달내 재개될 듯동원F&B·현대엘리베이터 등 발행 한도 최고 10배 가량 늘려투자자도 '워런트 프리미엄' 기대 공모방식의 분리형 신주인수권부사채권(BW) 발행이 이르면 이달 중 재개될 것으로 전망된다. 지난 2013년 9월 발행이 금지된 지 2년여 만이다. 은행 대출이나 회사채 발행이 어려운 기업들의 자금조달 숨통이 트일 것이라는 기대가 나오고 있으며 특히 조선 건설업종의 수요가 늘어날 것으로 보인다. 이미 증권사 투자은행(IB)본부에는 BW 발행을 타진하는 기업이 늘어나고 있다. 9일 금융위원회에 따르면 지난 6일 '자본시장과 금융투자업에 관한 법률 일부 개정안'이 국회 본회의를 통과해 정부로 이송됨에 따라 이달 중 분리형 공모BW 발행이 가능할 것으로 보인다. 해당 법안은 공포 후 즉시 시행된다. 지난해 11월 관련 개정안이 발의된 후 늦어도 올해 하반기에 관련법이 통과될 것으로 예상한 기업들은 이미 주주총회를 통해 BW 발행 한도를 확대해 놓았다. 동원F&B와 동원산업(006040) 등은 BW 발행 규모를 10배가량 늘려 3,000원으로 책정했고 현대엘리베이(017800)터도 올해 3월 BW 발행 한도를 500억원에서 6,000억원으로 확대했다. 분리형 BW는 채권과 신주인수권을 나눌 수 있어 투자자들에게 인기가 높았지만 발행 후 매입가를 낮게 책정한 뒤 최대주주에게 대량 배정해 경영권 편법 승계로 악용된다는 문제점이 부각돼 2013년 발행이 전면 금지됐다. 2011년 3조원에 달하던 BW 시장은 2013년 분리형 BW 발행이 막힌 뒤 급격히 줄어들어 지난해에는 1,200억원대에 그쳤고 올해 상반기에도 780억원가량이 발행되는 데 그쳤다. BW는 발행한 기업은 투자자에게 워런트를 붙여주는 대신 시중금리보다 낮은 금리로 자금을 조달할 수 있기 때문에 워런트를 행사할 경우에는 신주 발행을 통해 자본을 확충할 수 있게 된다. 즉 부채를 자본으로 전환하는 만큼 일반 회사채와 달리 재무구조가 건전해질 가능성을 가지고 있다. 재무구조 개선이 시급한 철강·조선·해운업종 등이 분리형BW 허용을 강하게 요구했던 배경이다. 투자자 입장에서도 BW를 통해 자금경색에서 벗어난 기업 주가가 상승하면 시세차익을 얻는 것과 동시에 워런트를 매도해 프리미엄을 챙길 수 있다. 다만 BW 역시 본질은 채권이라는 점 때문에 기업이 부도가 날 경우 수익은커녕 원금도 건질 수 없게 된다는 점은 주의해야 한다. 최근 전환사채(CB)나 BW 등에 투자하는 메자닌 펀드나 메자닌 랩어카운트의 인기를 얻는 것도 기업의 부도 위험을 분산시킨다는 전략이 통했기 때문이다. 메자닌 랩의 경우 우량·비우량 CB에 투자해 연 6% 안팎의 이자수익을 내는 동시에 30% 이상을 하이일드 채권으로 구성해 공모주 우선 배정을 노리는 전략을 구사하고 있다. 김수현 신한금투 랩운용부 과장은 ""현재 CB에 국한된 포트폴리오가 BW까지 확대된다는 점에서 투자풀을 확대할 수 있고 공모주 우선 배정에서도 유리할 수밖에 없다""며 ""분리형BW 발행은 수익을 높일 수 있는 좋은 기회가 될 것""이라고 말했다. 메자닌 특화 자문사인 에이원투자자문의 선형렬 대표도 ""분리형BW 발행이 재개되면 하이일드 채권 확보가 한층 용이해진다""며 ""다만 양호한 BW가 공모로 발행될 경우 경쟁률이 높아 수량확보가 어려운데다가 기대한 만큼의 수익을 얻기 힘들 수 있다는 점을 유의해야 한다""고 조언했다. ◇분리형BW=BW는 신주를 인수할 수 있는 권리, 즉 워런트가 붙어 있는 채권이다. 분리형BW는 워런트만 따로 떼어 팔 수 있도록 한 것. 투자 회수에 유리하다. 신용등급이 BBB 이상인 경우 공모형 발행을 취하는 경우가 많고 그렇지 않은 경우 사모 발행이 주를 이룬다.송종호기자 joist1894@sed.co.kr[ⓒ 한국미디어네트워크, 무단 전재 및 재배포 금지]"
현대엘리베이,2015.06.09,1809,전체,쉰들러도 현대엘리 유상증자 제동,"		 ■ 외국인에 흔들리는 토종기업""기업·주주가치 훼손 반대""""현대엘리 ""예정대로 추진"" 현대엘리베이(017800)터 2대 주주인 외국계 쉰들러홀딩AG도 현대그룹이 추진하는 현대엘리베이터 유상증자에 공식적으로 제동을 걸고 나섰다. 현대그룹은 현대엘리베이터 유상증자를 예정대로 추진한다는 계획을 재확인했다. 쉰들러는 9일 보도자료를 내고 ""기업가치와 주주가치를 훼손하는 현대엘리베이터 유상증자에 반대한다""며 ""원재료 매입 및 외주비 지급 비용을 마련하기 위해 유상증자를 실시한다는 목적에 동의할 수 없다""고 밝혔다. 현대엘리베이터는 지난 4월29일 이사회를 열고 2,775억원(주당 5만5,500원 기준) 규모의 유상증자 실시를 결정했다. 총 500만주의 신주가 발행될 예정으로 현대엘리베이터 유상증자는 2011년 이후 다섯 번째다.쉰들러는 ""현대엘리베이터는 최근 4년간 총 3,000억원 이상의 영업이익을 기록했고 올해도 현금흐름이 안정적인 수준을 유지할 것""이라며 ""이런 상황에서도 유상증자를 추진하는 이유는 현대상선을 비롯해 핵심 사업과 무관한 다른 계열사를 지원하기 위함""이라고 지적했다.지분 21.5%를 보유한 쉰들러의 반발에도 불구하고 현대엘리베이터는 유상증자를 강행한다는 방침이다. 현대엘리베이터의 한 관계자는 ""이미 올 4월에 이사회에서 확정돼 의결된 사안인 만큼 유상증자가 번복될 가능성은 없다""고 못 박았다. 쉰들러가 소송을 제기하며 법적 대응할 가능성도 있지만 현실적으로 쉽지 않다. 쉰들러는 2013년에도 현대엘리베이터의 유상증자 결정에 대해 신주발행금지 가처분 신청을 내며 반발했지만 항고 끝에 패소한 경험이 있다.현대엘리베이터 주가가 상승곡선을 그리고 있어 쉰들러의 반대 명분도 약하다는 평이다. 쉰들러가 유상증자에 불참하면 주가상승의 실익은 놓치면서 현대엘리베이터에 대한 보유 지분은 17.12%로 떨어진다. 쉰들러의 유상증자 반대 입장 표명에도 현대엘리베이터 주가는 이날 2,400원(3.08%) 오른 8만300원에 거래를 마쳤다.지민구기자 mingu@sed.co.kr[ⓒ 한국미디어네트워크, 무단 전재 및 재배포 금지]"
현대엘리베이,2015.05.21,1539,전체,"[시황종합]코스닥, 7년4개월 고점돌파"," MTIR sponsor코스피지수가 나흘만에 반등세를 멈췄다. 통신·의약품 업종이 강세를 보인 반면 은행·증권·보험 등 금융주의 낙폭이 컸다. 코스닥은 지난달 하순 조정의 여파를 모두 회복, 7년4개월만에 고점경신에 또 성공했다.21일 증시에서 코스피는 전일 대비 16.73포인트(0.78%) 내린 2122.81로 거래를 마쳤다. 전일 2139.54로 마감했던 코스피는 이날도 장 초반 2140.60(+0.05%)까지 오르며 나흘째 강세흐름을 이어가는 듯했다. 하지만 이내 약세로 전환, 오후 한 때는 2121.49(-0.84%)까지 밀리는 부진한 흐름을 보였다.증권업계에서는 이날 코스피가 부진한 흐름을 보였지만 이달 초순부터 시작된 상승흐름 자체가 꺾인 것은 아니라는 평가를 내린다. 코스피 조정을 초래했던 글로벌 유동성 위축우려가 잦아들고 원화강세 흐름도 진정국면에 접어들었기 때문이라는 이유에서다. 강현기 동부증권 연구원은 ""시장이 긍정적인 모습을 보일 때는 상승국면에서 휴지기에 접어들더라도 주도주가 견조한 흐름이 나타나곤 한다""며 ""의약품, 화학, 생활소비재 등 올해 주도섹터가 여전히 견조하다""고 말했다.◇통신·제약株 '강세' vs 은행·증권·보험株 '약세'이날 코스피시장 거래대금은 5조5964억원(오후3시 기준)으로 전일 총 거래대금(6조810억원, 오후6시 기준) 대비 8% 가량 줄었다. 개인이 2105억원, 외국인이 485억원을 순매수했으나 기관이 재차 2529억원에 이르는 매물을 쏟아냈다. 기관 중에서도 금융투자(-2160억원) 투신(-745억원) 사모펀드(-325억원) 등에서 주로 매물이 나왔다.코스피 18개 업종지수 중 이날 강세로 마감한 업종은 통신(+2.36%) 의약품(+1.87%) 비금속(+0.28%) 종이목재(+0.2%) 섬유의복(+0.12%) 음식료(+0.09%) 등 6개에 불과했다. 반면 의료정밀 업종지수가 4.16%로 낙폭이 가장 컸고 은행, 증권, 보험 등이 속해 있는 금융업종도 2% 하락했다. 운수창고, 운수장비, 철강금속, 전기전자, 전기가스 등 다수 업종이 부진한 흐름을 보였다.KRX(한국거래소) 섹터지수 18개 중에서도 미디어통신(+2.03%) 레저엔터(+0.95%) 바이오텍(+0.16%) 에너지화학(+0.08%) 등 4개를 제외한 14개 섹터가 약세였다. 증권, 금융, 운송, 비은행금융, 소비자유통, 보험, 정보통신, 자동차, 반도체 등이 1~2%대 낙폭을 기록했다.코스피 시총상위주 중에서도 약세종목이 압도적으로 많았다. 삼성전자 (55,800원 700 -1.2%), 현대차 (120,500원 0 0.0%), SK하이닉스 (94,100원 1900 -2.0%), 삼성생명 (74,500원 100 0.1%), 포스코 (236,500원 2000 -0.8%), 신한지주 (43,350원 750 -1.7%), 삼성에스디에스, NAVER, 기아차 등 주요종목들이 1~2%대 낙폭을 기록했다. 이날 시총상위 30위권 종목 중 상승마감한 종목은 제일모직, SK텔레콤, SK C&C 등 3개에 불과했다.코스피200지수 구성종목 중에서는 SK케미칼이 12% 급등했고 동부하이텍, 대교, 한화케미칼, 동원F&B, 일양약품, 현대엘리베이, 아이에스동서, 대웅제약 등이 4~8%대 강세를 나타냈다. 반면 엔씨포스트, 롯데칠성, LG상사, 현대글로비스, 현대건설, 세종공업, 한전기술, 삼성테크윈 등은 낙폭상위주에 이름을 올렸다.이날 코스피에서는 상한가 8개 등 333개 종목이 주가가 올랐고 하한가 1개 등 490개 종목이 약세로 거래를 마쳤다. 44개사는 보합세였다. ◇코스닥 7년4개월래 고점돌파, '가짜백수오' 충격 탈피이날 코스닥은 전일 대비 0.24% 오른 715.64로 거래를 마쳤다. 장 초반 719.27(+0.75%)까지 올랐던 코스닥은 한 때 708.55(-0.76%)까지 미끄러졌다가 다시 반등 쪽으로 방향을 틀었다. 이날 코스닥 종가는 2008년 1월4일(719.25) 이후 7년4개월여만에 가장 높은 수준이다. 코스닥은 지난달 21일에도 714.52를 기록했으나 내츄럴엔도텍의 '가짜백수오' 파문으로 660선까지 밀리는 모습을 보였으나 약 한 달만에 낙폭을 모두 만회했다.이날 코스닥시장 총 거래대금은 4조5083억원(오후3시 기준)으로 전일(5조318억원, 오후6시 기준) 대비 10% 가량 줄었다. 외국인이 363억원을 순매수한 반면 개인, 기관이 각각 172억원, 101억원을 순매도했다.코스닥 29개 업종지수 중 섬유의류 업종지수가 7.05%로 상승률이 가장 높았다. 이 업종에 속한 원풍물산 (3,385원 80 2.4%), 웰크론 등 상위주들이 상한가를 기록한 영향이다. 통신서비스, 기타서비스, 화학, 건설, 음식료담배, 컴퓨터서비스 등 지수가 1~2%대 강세를 기록했다. 반면 기타제조, 운송, 의료정밀기기, IT부품, 비금속, 인터넷, 소프트웨어, 반도체 등 지수는 부진한 흐름을 보였다.코스닥 시총상위주 중에서는 셀트리온 (181,000원 3000 -1.6%), 다음카카오 (153,500원 0 0.0%), 동서 (17,400원 150 -0.8%), 메디톡스, 파라다이스, 산성앨엔에스, CJ오쇼핑 등이 약세로 마감했다. CJ E&M, 바이로메드, 코미팜, 이오테크닉스 등은 1~7%대 강세로 마감했다.이날 코스닥에서는 상한가 20개 등 462개 종목이 강세로 마감했고 하한가 2개 등 536개 종목이 하락마감했다. 45개사는 보합세였다.한편 코스피200지수선물 6월물은 전일 대비 1.24% 내린 262.50으로 거래를 마쳤다. 원/달러환율은 전일 대비 2.00원 내린 1094원으로 마감했다.                            관련기사'막강 파워' ISS가 뭐길래, 규제 공백 '의결권 자문업자'최치훈 삼성물산 대표, 뉴욕 간다…""ISS 잡아라""아모레퍼시픽, 시총 6위..포스코·네이버 제쳐코스닥 700 바이오가 이끌자 골고루 올라왔다"
현대엘리베이,2015.03.27,1747,전체,현대엘리 수권자본 확대 성공,"엔씨소프트의 한 소액주주 부부가 27일 오전 경기도 성남 판교 테크노벨리 사옥 지하 1층 연구개발(R&D)센터에서 열린 정기 주주총회에 참석하기 위해 입장하고 있다. /사진=권욱기자 쉰들러 반대 뚫고 '2000만주→6000만주' 주총 통과'경영권 분쟁' 엔씨소프트는 넥슨과 큰 충돌없이 마무리 현대그룹이 27일 독일계 승강기 업체 쉰들러의 반대를 뚫고 주주총회에서 현대엘리베이(017800)터의 수권자본(주식발행한도)을 18년 만에 확대하는 데 성공했다. 넥슨과 경영권 분쟁이 있는 엔씨소프트는 윤송이 사장의 승진을 문제 삼은 소액주주들의 반발로 주총이 평소보다 3배 이상 길어졌다.현대엘리베이터는 이날 경기도 이천 본사에서 열린 주총에서 회사가 발행 가능한 주식 수를 현행 2,000만주에서 6,000만주로 확대하는 안건이 통과됐다고 밝혔다. 2대 주주인 쉰들러(21.48%)는 ""주식발행 한도 증대와 이에 따른 추가 유상증자는 주주가치를 훼손할 수 있다""며 반대표를 던졌지만 현정은 현대그룹 회장 등 최대주주 측 표에 밀렸다. 이번 결정으로 현대엘리베이터는 해외사업 진출에 필요한 자금 마련이 한층 쉬워질 것으로 전망된다. 통상 발행주식 수 확대를 통한 자본확충은 회사채 발행보다 비용이 적게 든다.엔씨소프트 주총에서는 경영참여를 요구해 김택진 대표와 갈등을 빚어온 1대 주주인 넥슨이 김 대표의 사내이사 재선임에 찬성표를 던져 대립이 격화되지는 않았다. 당초 넥슨이 자사 측 이사 선임과 김 대표 부인인 윤 사장을 겨냥해 비상임 이사 보수 공개를 요구하며 영향력 행사에 나설 것으로 점쳐졌다. 그러나 넥슨을 대표해 주총에 참가한 김정욱 전무는 ""넷마블게임즈 투자가 어떤 절차를 통해 된 것인지 자료를 공개해달라""고 요구할 뿐 ""김택진 대표의 재신임에는 찬성한다""고 한발 물러섰다. 엔씨소프트 4대주주(6.88%)인 국민연금도 ""넷마블과의 협업을 긍정적으로 본다""며 엔씨 측을 지지했다. 하지만 소액주주들이 △넷마블과의 상호 지분거래 △윤송이 부사장의 사장 승진 등에 이의를 제기하며 김 대표의 재선임에 반대 의사를 표했다. 소액주주들의 반발이 이어지며 평소 30분가량 소요되던 주총은 1시간 30분으로 3배 가까이 길어졌다. 지난해 대규모 적자를 기록한 기업들은 무배당을 결정했다. KT(030200)는 지난해 7,195억원의 영업손실이 발생, 적자 전환함에 따라 배당 안건을 주총에 부치지 않았다. KT의 무배당은 2002년 민영화 이후 13년 만에 처음이다. 지난해 2조원에 달하는 영업적자를 낸 현대중공업(009540)도 배당을 실시하지 않기로 했다. 사상 최다인 810개 상장사가 이날 주총을 열었지만 주목할 만한 이변은 생기지 않았다.연승·서민우기자 ingaghi@sed.co.kr[ⓒ 한국미디어네트워크, 무단 전재 및 재배포 금지]"
현대엘리베이,2015.03.24,1736,전체,'구조조정 테마' 부각… 한솔·동부그룹주 요동," 홀딩스와 합병 앞둔 한솔로지스틱스 상승곡선동부CNI이틀째↑… 동부로봇은 3일새 30% ↓사업구조 개편 시동건 SKT·삼양사 관심 높아져 최근 국내 대기업을 중심으로 지배구조 개편과 사업 효율성 제고를 위한 구조조정이 본격화되면서 계열사 간 주가의 희비도 엇갈리고 있다. 구조조정의 효과로 기업가치 상승과 실적개선이 기대되는 종목은 주가가 크게 뛰어오르며 수혜주로 주목 받는 한편 매각 이슈가 불거진 종목은 주가도 부진을 면하지 못하고 있다. 전문가들은 ""사업과 인력을 효율적으로 재배치하는 구조조정은 장기적 관점에서 주가에 긍정적""이라며 ""특히 그동안 주가가 많이 떨어졌던 기업의 경우 구조조정이 새로운 반등의 모멘텀이 될 수 있다""고 조언했다.24일 유가증권시장에서 한솔로지스틱스(009180)는 가격제한폭까지 치솟으며 전일 대비 15%(405원) 오른 3,105원에 거래를 마쳤다. 이로써 한솔로지스틱스는 지난해 4월 이후 약 1년 만에 3,000원선을 넘어서면서 연중 최고치를 경신했다. 한솔홀딩스(7.98%)와 한솔제지(213500)(5.71%) 등 그룹 계열사들도 큰 폭으로 올랐다.한솔로지스틱스의 주가 급등은 한솔홀딩스와의 합병 결정이 기폭제가 됐다. 한솔로지스틱스는 전날 이사회를 열고 투자 부문과 사업 부문으로 인적분할한 뒤 투자 부문을 한솔홀딩스와 합병한다고 발표했다. 분할합병을 통해 한솔홀딩스는 지주사업의 효율성을 높이고 한솔로지스틱스는 기존 물류사업에 역량을 집중하겠다는 포석이다. 아울러 한솔그룹은 '한솔로지스틱스→한솔홀딩스→한솔라이팅→한솔EME→한솔로지스틱스'로 이어지는 복잡한 순환출자구조도 해소할 수 있게 됐다.증권가에서는 이번 분할합병의 최대 수혜주로 한솔로지스틱스를 꼽았다. 이상헌 하이투자증권 연구원은 ""한솔로지스틱스의 23일 시가총액을 기준으로 분할되는 투자회사의 가치(855억원)는 합병가액(925억원)에 비해 여전히 저평가돼 있다""며 ""존속법인인 사업회사의 가치 역시 441억원에 불과해 올해 예상 실적 등을 감안할 때 향후 최소 400억원 이상의 상승 여지가 있을 것""이라고 전망했다.지난해부터 고강도 구조조정에 나서고 있는 동부그룹은 계열사들의 구조조정 진행상황에 따라 주가가 큰 폭으로 움직이고 있다. 동부그룹의 제조 부문 지주회사 격인 동부CNI(012030)는 동부팜한농 지분매각을 추진한다는 보도가 나간 지난 23일(4.96%)에 이어 이틀 연속 상승세를 이어갔다. 동부팜한농 지분매각에 따른 현금유입으로 재무구조 개선에 도움이 될 것이라는 기대감 때문이다. 동부CNI는 전날 공시를 통해 ""재무구조 개선 등을 목적으로 회사가 보유한 동부팜한농 지분을 포함해 지분매각과 관련한 다양한 방안을 검토 중""이라고 밝혔다.반면 동부로봇(090710)은 최대주주인 동부CNI와 김준기 동부 회장의 장남 김남호 부장이 보유한 주식 328만7,166주(37.60%) 전량을 중국계 리드드래곤 컨소시엄에 매각한 후 주가가 급락하고 있다. 20일 최대주주 변경공시가 발표된 후 동부로봇 주가는 3거래일 만에 30% 가까이 떨어졌다.사업구조 개편이 본격화되고 있는 SK(003600)그룹 계열사들에 대한 투자자들의 관심도 높아지고 있다. 특히 20일 SK브로드밴드(033630)를 주식교환을 통해 100% 자회사로 편입한다고 발표한 SK텔레콤(017670)은 시너지 효과가 기대되고 있다. 성준원 신한금융투자 연구원은 ""SK브로드밴드의 성장성에 대한 기대감이 SK텔레콤 주가에 긍정적으로 반영될 것""이라며 목표주가를 기존 35만원에서 37만원으로 상향 조정했다.이번 SK텔레콤의 SK브로드밴드 자회사 편입을 계기로 SK와의 합병설이 재점화된 SK C&C도 다시금 주가가 들썩이고 있다. 최남곤 유안타증권 연구원은 ""SK그룹의 사업구조 개편이 본격화되는 과정에서 이제 투자자들은 그룹 지배구조의 최상단에 있는 SK C&C에 주목해야 한다""고 강조했다.삼양사(145990)는 그룹 구조조정의 수혜에 따른 실적개선 전망에 3거래일간 20% 가까이 뛰어오르며 8만원 돌파를 눈앞에 두고 있다. 심은주 하나대투증권 연구원은 ""삼양그룹이 지난 2년간 지주회사 전환을 위한 구조조정을 진행한 데 힘입어 올해부터 삼양사의 실적개선이 본격화될 것""이라고 전망했다.이 밖에 현대엘리베이(017800)터도 모기업인 현대그룹의 구조조정이 마무리 단계에 접어드는 가운데 실적개선까지 더해지면서 연일 52주 신고가를 갈아치우고 있다. 류용석 현대증권 시장전략팀장은 ""비용절감과 사업역량 집중을 통한 긍정적 효과가 기대되는 구조조정은 저평가 받아온 기업들에는 주가상승의 모멘텀이 될 수도 있다""며 ""다만 구조조정을 통해 부실을 떠안을 수도 있는 부정적 사례에 대해서는 주의가 필요하다""고 조언했다.김현상기자 kim0123@sed.co.kr[ⓒ 한국미디어네트워크, 무단 전재 및 재배포 금지]"
현대엘리베이,2015.01.29,1812,전체,네이버 작년 4분기 영업익 30% 급증," 네이버(NAVER(035420))가 모바일메신저 '라인(LINE)'의 해외시장 활약에 힘입어 지난해 4·4분기 영업이익이 큰 폭으로 증가했다.네이버는 29일 금융감독원 전자공시를 통해 지난해 4·4분기 영업이익이 전년 동기 대비 30.3% 상승한 1,961억원을 기록했다고 밝혔다. 같은 기간 매출액은 7,502억원으로 19.3% 증가했으며 당기순이익은 148.6% 늘어난 1,345억원으로 집계됐다.네이버의 매출 증가세는 국내를 포함해 아시아·북미·유럽 등의 해외 지역에서 월별 실 이용자 수(MAU)가 1억8,100만명에 달하는 라인이 견인했다. 라인의 매출액은 광고·콘텐츠 분야의 성장세를 바탕으로 지난해 같은 기간에 비해 61.9% 증가한 2,217억원을 기록했다. 지난해 3·4분기와 비교해도 6.4% 늘어난 수치다.김상헌 네이버 대표는 이날 실적발표 컨퍼런스콜(전화회의)에서 ""라인은 연간 단위로 봤을 때 흑자를 기록하고 있는 상황""이라며 ""올해도 이익을 내기 위해 비용을 통제하기보다 라인 사업 확대를 위해 지원할 것""이라고 말했다.SK텔레콤(017670)은 지난해 4·4분기 영업이익이 전년 동기 대비 3.9% 감소한 4,900억원을 기록했다. 매출액은 0.1% 줄어든 4조2,890억원, 당기순이익은 71.4% 증가한 5,034억원으로 집계됐다. SK텔레콤 관계자는 ""이동통신사 간 롱텀에볼루션(LTE) 고객 모집 경쟁이 격화되면서 마케팅 비용이 증가해 영업이익도 감소했다""고 설명했다. 지난해 10월부터 시행된 단말기유통구조개선법(단통법)이 별다른 영향을 미치지 못한 것으로 보인다.현대엘리베이(017800)터는 지난해 4·4분기 영업이익이 365억원으로 전년 동기 대비 18.16% 늘어나면서 사상 최대 실적을 기록했다. 매출액은 8.59% 증가한 3,269억원으로 늘어났다. 풍산(103140)은 지난해 4·4분기 영업이익이 381억원으로 전년 동기 대비 20.9% 증가했다고 공시했다. 같은 기간 동안 매출은 8365억원으로 3% 늘어났다. 삼성정밀화학(004000)은 지난해 4·4분기 영업이익이 64억원으로 전년 같은 기간에 비해 흑자 전환했다. 매출액은 3,154억원으로 2.1% 늘어났다. 삼성전기(009150) 역시 지난해 4·4분기 영업이익이 344억원을 기록하며 흑자전환에 성공했다. 매출액은 1조8,326억원으로 7.2% 상승했다.지민구기자 mingu@sed.co.kr[ⓒ 한국미디어네트워크, 무단 전재 및 재배포 금지]"
현대엘리베이,2015.01.02,1741,전체,남북관계 훈풍 타고 경협주 껑충,"		 대표주 현대상선 7% 치솟아 새해부터 불어온 남북관계 훈풍에 남북 경협주가 일제히 급등했다. 현대상선(011200)은 2일 유가증권시장에서 지난해 마지막 거래일보다 7.0%(700원) 오른 1만700원에 거래를 마쳤다. 현대상선은 금강산 관광사업 개발권자인 현대아산의 최대주주로 대표적인 대북경협주로 분류된다. 현대상선의 최대주주인 현대엘리베이(017800)터의 주가도 0.69% 올랐다. 코스닥시장에서는 개성공단 입주업체인 재영솔루텍(049630)과 대북 송전주인 이화전기(024810)가 상한가를 기록했다. 금강산에 골프장을 보유한 에머슨퍼시픽(025980)은 1.64% 올랐고 또 다른 대북 송전주인 광명전기(017040)(2.40%), 선도전기(007610)(0.43%) 등도 상승 마감했다.이날 남북경협주가 급등한 것은 김정은 북한 국방위원회 제1위원장이 새해 첫날부터 남북관계 개선에 대한 강력한 의지를 드러냈기 때문이다. 우리 정부도 김 제1위원장의 발언에 긍정적인 반응을 보이면서 남북 경협주에 대한 투자심리가 완화된 것으로 풀이된다. 김 제1위원장은 전날 조선중앙TV가 방영한 신년사 육성 연설에서 ""남북 사이의 대화와 협상, 교류와 접촉을 활발히 해 끊어진 민족적 유대와 혈맥을 잇고 남북관계에서 대전환·대변혁을 가져와야 한다""고 말했다. 이어 ""분위기와 환경이 마련되는 데 따라 최고위급 회담도 못할 이유가 없다""면서 남북 정상회담 개최 용의를 밝히기도 했다. 이에 류길재 통일부 장관은 ""가까운 시일 내 남북당국 간 대회 개최를 기대한다""고 밝히는 등 남북관계 개선에 대해 긍정적인 입장을 보이고 있다.서민우기자 ingaghi@sed.co.kr[ⓒ 인터넷한국일보, 무단 전재 및 재배포 금지]"
현대엘리베이,2014.11.20,1815,전체,"""현대중공업그룹 보유주 투자 조심"""," 재무구조 개선위해 지분 대거 매도""현대차 주식 처분도 시간문제"" 자금난에 시달리는 현대중공업(009540)그룹이 재무구조 개선을 위해 보유 중인 상장사 지분을 대거 쏟아내면서 증시에는 관련 종목에 대한 주의보가 발령됐다. 전문가들은 현대중공업이 보유한 상장사 지분의 추가 매도 가능성을 언급하면서 해당 종목에 대한 투자 주의를 당부했다.20일 유가증권시장에서 KCC(002380)는 전일 대비 6.07%(3만3,000원) 내린 51만1,000원에 거래를 마쳤다. 이날 KCC의 주가를 끌어내린 것은 현대삼호중공업의 지분 매각 소식이었다.현대중공업그룹 계열의 현대삼호중공업은 전날 장 마감 후 보유 중이던 KCC 주식 80만3,000주(지분율 7.63%)를 시간외 대량매매(블록딜)로 처분했다고 밝혔다. 주당 처분가격은 전날 종가(54만4,000원)에서 4.96% 할인된 51만7,000원이다. 이로써 KCC 지분 전량을 팔아치운 현대삼호중공업은 4,151억5,100만원의 현금을 손에 쥐었다.채상욱 하나대투증권 연구원은 ""현대중공업그룹이 대규모 적자를 내면서 현금 유동성 확보 차원에서 KCC 지분 매각을 결정했다""며 ""현대삼호중공업의 지분 매각 여파로 KCC 주가도 약세를 보일 것""으로 전망하고 KCC의 목표주가를 기존 80만원에서 73만원으로 하향 조정했다.현대중공업그룹의 또 다른 계열사인 현대미포조선(010620)도 재무 건전성 제고 차원에서 19일 개장 전 블록딜 방식으로 보유하고 있던 포스코 주식 87만2,000주(1%)를 전량 처분해 2,864억5,200만원의 자금을 마련했다. 현대미포조선의 지분 매각 여파로 포스코 주가 역시 전날(-2.77% )에 이어 이틀 연속 하락세를 이어갔다. 조강운 신영증권 연구원은 ""현대미포조선의 보유지분 처분 소식이 투자심리에 부정적으로 작용한 것으로 보인다""고 분석했다.현대중공업그룹이 이틀에 걸쳐 숨 가쁘게 7,000억원이 넘는 주식을 팔아치운 것은 대규모 적자로 악화된 재무구조 개선작업이 시급했기 때문이다. 실제 현대중공업은 조선업황의 침체로 올해 들어 3·4분기까지 무려 3조2,000억원에 달하는 사상 최대 규모의 적자를 기록 중이다.이에 따라 시장에서는 현대중공업을 포함한 현대중공업그룹 계열사가 보유한 상장사 지분의 추가 매각 여부에 관심이 쏠리고 있다. 특히 증권가 일각에서는 당장 현금 확보가 절실한 현대중공업이 보유하고 있는 현대차(005380) 주식 처분도 시간 문제라는 전망까지 나오고 있다. 3·4분기 감사보고서에 따르면 현대중공업은 현대차 440만주를 비롯해 기아차(000270) 8만8,000주, 현대상선(011200) 2,300여만주, 현대엘리베이(017800)터 21만7,000주 등을 보유하고 있다.이를 반영하듯 이날 현대차는 2.62% 하락한 16만7,000원에 거래를 마치며 전날(-3.38%)에 이어 이틀 연속 하락했다. 채희근 현대증권 연구원은 ""최근 현대차의 주가 하락은 정몽구 회장의 피소나 엔저 영향보다는 현대중공업이 보유한 지분 매도에 대한 우려가 더 크게 작용하고 있다""며 ""예단하기는 힘들지만 현대중공업그룹이 KCC 지분을 서둘러 내다 판 점을 감안하면 현대차 지분 매각도 가능성이 있다""고 분석했다. 이 밖에 현대중공업이 지분 4.7%를 보유한 것으로 알려진 한전기술(052690)도 이틀 연속 하락세를 이어갔다.증권사의 한 연구원은 ""매도물량이 해당 기업의 전체 지분에서 차지하는 비중이 적더라도 요즘처럼 거래량이 많지 않고 별다른 호재도 없는 상황에서는 분명 주가에 부담이 될 수 있다""며 ""다만 현대차그룹과 우호 관계를 유지해야 하는 현대중공업으로서는 현대·기아차 지분의 대량 매도 가능성은 낮아 보인다""고 전망했다.한편 현대중공업 관계자는 추가 지분 매각 가능성에 대해 ""현재로서는 현대차를 비롯해 현대중공업이 보유한 상장사 주식에 대한 추가 매각 계획은 없다""고 밝혔다.김현상·서민우기자 kim0123@sed.co.kr[ⓒ 인터넷한국일보, 무단 전재 및 재배포 금지]"
현대엘리베이,2014.11.17,1728,전체,[터치 이종목] 현대엘리베이터 실적호전으로 11% 급등," 현대엘리베이(017800)터가 3·4분기 실적개선 소식에 힘입어 급등했다. 현대엘리베이터는 17일 유가증권시장에서 전 거래일보다 5,900원(11.66%) 오른 5만6,500원에 거래를 마쳤다.현대엘리베이터는 지난 14일 장 마감 이후 3·4분기 연결기준 영업이익이 지난해 같은 기간보다 44% 증가한 428억원을 기록했다고 공시했다. 같은 기간 매출은 3,469억원으로 22.4% 늘어났다.이상우 유진투자증권 연구원은 ""국내 부동산 시장의 대량 미분양 사태에도 엘리베이터 설치량이 증가했다는 점과 정부의 강력한 부동산 부양 정책이 지속될 가능성이 높다는 점을 감안하면 실적이 더욱 개선될 가능성이 높다""며 ""4·4분기에는 매출액 3,554억원, 영업이익 438억원을 달성할 것으로 전망한다""고 말했다.지민구기자 mingu@sed.co.kr[ⓒ 인터넷한국일보, 무단 전재 및 재배포 금지]"
현대엘리베이,2014.10.28,1815,전체,오너의 힘," 이재용 지분 인수 추진에 삼성생명·화재 뜀박질현정은 회장 최대주주 오른 현대엘리베이터도 강세 오너 일가가 지분을 확대한다는 소식에 해당 기업의 주가가 강세를 보였다. 28일 한국거래소에 따르면 삼성생명(032830)은 유가증권시장에서 전날보다 1,500원(1.40%) 오른 10만8,500원에, 삼성화재(000810)는 3,000원(1.06%) 상승한 28만7,000원에 거래를 마쳤다.이재용 삼성전자 부회장이 삼성생명과 삼성화재의 지분 인수를 추진하고 있다는 소식이 두 회사의 주가에 긍정적인 영향을 끼친 것으로 풀이된다. 증권사의 한 연구원은 ""삼성생명과 삼성화재의 주가가 동반 강세를 보였다는 점에서 이 부회장의 지분 매입 이슈가 주가에 긍정적으로 작용했다고 유추할 수 있다""면서 ""다만 지분 매입 규모가 0.1% 수준에 불과한 만큼 이번 이슈에 따른 주가상승은 단발성에 그칠 것으로 보인다""고 진단했다.현대엘리베이(017800)터 역시 현정은 현대그룹 회장이 최대주주로 올라섰다는 소식에 4만원 고지 재탈환에 성공했다. 현대엘리베이터는 이날 유가증권시장에서 전날보다 3,950원(10.76%) 오른 4만650원에 거래를 마쳤다. 지난 5월2일(4만50원) 이후 반년여 만에 4만원대를 회복한 것이다. 현대엘리베이터는 전날 공시를 통해 현 회장이 현대상선 보유 지분(2.04%) 전량을 현대글로벌에 넘기는 대신 현대글로벌의 현대엘리베이터 지분 가운데 6.05%를 받았다고 밝혔다. 현 회장은 지분 맞교환을 통해 현대엘리베이터의 지분 9.71%를 확보해 최대주주로 올라섰다. 금융투자업계 관계자는 ""이번 거래를 통해 현 회장, 오너 일가, 현대글로벌을 포함한 현대엘리베이터의 우호 지분율이 47%대로 높아졌기 때문에 그동안 주가의 발목을 잡았던 쉰들러와의 경영권 분쟁 위험이 줄어들 것""이라며 ""현 회장이 현대엘리베이터·현대상선 등 핵심계열사에 대한 책임경영을 한층 강화할 것으로 보이는 만큼 주가 전망은 긍정적""이라고 내다봤다.박준석기자 pjs@sed.co.kr[ⓒ 인터넷한국일보, 무단 전재 및 재배포 금지]"
현대엘리베이,2014.10.14,1802,전체,경협주 다시 뜨나," 박근혜 대통령 5·24해제 언급김정은 공개석상 등장에 관련주 일제히 상승곡선총격전 등 돌발변수 여전… 단기수익 노린 투자 조심 박근혜 대통령이 지난 13일 5·24 대북제재 조치의 해제 가능성을 처음 언급한 데 이어 건강 이상설이 나돌던 김정은 북한 국방위원회 제1위원장이 40여일 만에 공개석상에 모습을 드러내면서 남북 경제협력 관련주가 일제히 상승곡선을 그렸다. 남북관계가 안정궤도에 접어들 것이라는 기대감이 반영된 결과다. 다만 시장 전문가들은 전단지 살포 문제를 둘러싸고 남북 간 총격전이 발생하는 등 불안정성이 여전히 높은 만큼 단기 수익률만을 노린 섣부른 투자는 조심해야 한다고 조언했다.14일 한국거래소에 따르면 좋은사람들(033340)은 코스닥시장에서 전일 대비 5.07%(70원) 상승한 1,450원에 거래를 마치며 3거래일 만에 반등에 성공했다. 좋은사람들은 개성공단에서 내의류를 생산하고 있다. 이 밖에 자화전자(033240)(4.31%), 재영솔루텍(049630)(3.42%) 등 개성공단 입주 업체들도 이날 일제히 상승세를 기록했다.대표적인 남북 경협주로 분류되는 현대엘리베이(017800)터도 이날 유가증권시장에서 전날보다 1.67%(600원) 상승한 3만6,600원에 거래됐다. 현대엘리베이터는 금강산 관광사업과 개성공단 개발사업을 주도적으로 추진하고 있는 현대아산의 관계회사다.남북 경협주의 강세는 최근 박 대통령이 남북관계 개선에 대한 확고한 의지를 표명한 데 따른 영향으로 풀이된다. 또 북한 매체가 이날 김 위원장의 현장 시찰 모습을 공개하면서 김 위원장의 건강을 둘러싼 '대북 불확실성'이 일정 부분 해소된 점도 주가 흐름에 긍정적으로 반영된 것으로 보인다. 아울러 정부가 비무장지대(DMZ) 내 세계생태평화공원 조성을 위한 사전 작업을 본격 추진할 것이라는 소식이 전해지면서 코아스(071950)(14.76%), 일신석재(007110)(4.80%), 삼륭물산(014970)(2.88%) 등 인근 지역에 토지를 보유한 기업들의 주가도 크게 올랐다.하지만 시장 전문가들은 대내외 변수가 많은 남북관계에 대한 막연한 기대감만으로 투자에 나서는 것은 조심해야 한다고 강조했다. 기업의 실적을 면밀히 따져보지 않은 채 시장의 흐름만 맹목적으로 추정하는 것은 위험하다는 의미다. 실제 현대아산의 최대주주인 현대상선(011200)의 경우 북한 고위급 대표단이 인천 아시안게임 폐막식에 참석한 6일 상한가를 기록한 뒤 상승세를 이어가다가 남북 간 총격전이 발생한 10일에는 다시 하락 곡선을 그렸다. 증권 업계의 한 선임연구원은 ""기업의 실제 상황을 고려하지 않고 남북관계 변화에 따라 추격 매수에 나서는 것은 바람직하지 않다""며 투자자들의 신중한 판단을 당부했다. 서용희 한화투자증권 연구원 역시 ""일부 기업의 경우 개성공단 생산 비중을 크게 낮춘 상황임에도 불구하고 남북관계 흐름에 따라 단기적으로 영향을 받는 측면이 있다""며 ""투자 전에 경협주로 거론되는 기업의 내부 상황을 정확히 살펴봐야 한다""고 조언했다.지민구기자 mingu@sed.co.kr[ⓒ 인터넷한국일보, 무단 전재 및 재배포 금지]"
현대엘리베이,2014.10.06,1736,전체,현대상선 등 경협주 상한가 랠리," ■ 남북 관계개선 기대감 북한 고위 대표단의 인천 아시안게임 폐막식 참석을 계기로 남북관계가 개선될 것이란라는 기대감에 남북 경제협력 관련주가 일제히 강세를 보였다. 시장 전문가들은 남북 화해 무드의 조성은 중장기적으로 경협주에 호재로 작용하겠지만 수익률만을 노린 섣부른 투자는 조심해야 한다고 조언했다.현대상선(011200)은 6일 유가증권시장에서 전거래일 대비 가격제한폭(14.74%)까지 오른 1만900원에 거래를 마쳤다. 현대상선은 대표적인 대북 경협주로 금강산 관광사업 및 개성공단 개발사업을 주도적으로 추진하고 있는 현대아산의 최대주주다. 현대상선이 급등하자 현대상선의 최대주주인 현대엘리베이(017800)터의 주가도 가격제한폭(14.99%)까지 오른 3만9,500원에 장을 마감했다. 금강산 관광지구 내 리조트를 보유한 에머슨퍼시픽(025980)도 14.86% 올랐다. 상한가 랠리는 다른 남북 경협주에도 이어졌다. 이화전기(024810)(14.86%), 선도전기(007610)(14.81%), 광명전기(017040)(14.91%) 등 대북 송전주들이 일제히 상한가를 기록했다. 재영솔투텍(14.63%), 신원(009270)(3.21%) 등 개성공단에 생산 공장을 보유한 업체의 주가도 오름세였다. 이 같은 주가 움직임은 북한 최고위급 대표단의 깜짝 방한으로 남북관계 개선 기대감이 커진 데 따른 것으로 분석된다. 하지만 시장 전문가들은 섣부른 투자를 피할 것을 주문했다. 기업의 펀더멘털(실적)보다 단순한 기대감만으로 투자에 나설 경우 낭패를 당할 수 있다는 얘기다.함승희 KDB대우증권 연구원은 ""남북 경협주와 같이 테마성으로 묶이는 종목은 주가가 짧은 기간에 급등하고 빠지기 쉽다""면서 ""기업의 펀더멘털이 아니라 수익률만 좇아 추격 매수에 나서는 것은 좋은 현상이라고 볼 수 없다""고 말했다. 조인욱 리딩투자증권 연구원은 ""최근까지 경색됐던 남북 관계로 인해 남북 경협주 가운데서도 개성공단의 생산 비중을 줄인 업체가 많다""면서 ""경협주라는 뉴스에 매몰되지 말고 해당 기업의 실적에 주목해 투자해 나서야 한다""고 주문했다. 전문가들은 경협주 중에서도 로만손(026040)·신원처럼 꾸준한 영업 이익률을 기록하며 안정적인 성장이 예상되는 종목을 추천했다. 로만손은 시계 부문의 적자를 핸드백·주얼리 부문이 메꿔주며 3·4분기 영업이익이 전년 동기 대비 5.4% 증가할 것으로 예상되며 신원도 매출의 55%를 차지하는 해외 주문자상표부착생산(OEM)의 실적개선으로 내년 상반기까지 호실적이 기대된다.서민우기자 ingaghi@sed.co.kr[ⓒ 인터넷한국일보, 무단 전재 및 재배포 금지]"
현대엘리베이,2014.07.20,0102,전체,"현대엘리, 135억 터키 지하철 승강기 수주","		 현대엘리베이(017800)터가 터키 지하철에 130억원 규모의 승강기를 공급한다.현대엘리베이터는 최근 터키 도구스건설로부터 이스탄불 지하철 공사에 쓰일 승강기 238대의 공급업체로 낙찰받고 지난 18일 계약을 체결했다고 20일 밝혔다. 현대엘리베이터는 이에 따라 20㎞ 길이의 우스쿠다르-체크메쾨 노선에 신설되는 16개 역사에 에스컬레이터 189대, 엘리베이터 49대를 설치하게 된다. 금액으로는 총 1,310만달러(약 135억원)다.현대엘리베이터는 특히 이번 입찰을 계기로 이스탄불 시정부에서 '현대(Hyundai)' 브랜드 사용을 승인을 얻어 터키 시장 공략을 확대할 수 있는 발판을 마련했다. 이스탄불시는 2024년까지 길이 약 700㎞ 구간에 250개 지하철역을 조성할 계획으로 현대엘리베이터는 지하철역 승강기 입찰 등에 공식 업체로 참여할 계획이다. 현대엘리베이터 관계자는 ""이스탄불 메트로 당국이 지하철 승강장에 스크린 도어를 적용하기로 해 스크린도어의 수출도 추진하고 있다""고 말했다. 한편 현대엘리베어트는 이번 수주에 앞서 최근 아랍에미레이트연합(UAE) 두바이에서도 고급 주거 단지 '와디 워크'용 엘리베이터 351대를 580만달러에 수주하기도 했다.김흥록기자 rok@sed.co.kr[ⓒ 인터넷한국일보, 무단 전재 및 재배포 금지]"
현대엘리베이,2014.05.26,0110,전체,"""한·중·브라질 생산거점 바탕 현대엘리를 100년 기업으로"""," 현정은 회장 창립 30돌 기념사 현정은(사진) 현대그룹 회장이 ""중국과 브라질을 거점으로 현대엘리베이(017800)터를 100년 기업으로 만들자""는 각오를 밝혔다.26일 현대그룹에 따르면 현 회장은 지난 23일 현대엘리베이터가 창립 30주년을 맞아 발간한 사사에서 기념사를 통해 ""현대엘리베이터는 이미 기술력으로는 세계 유수의 기업들과 어깨를 나란히 하고 있다""며 이같이 강조했다. 현 회장은 이어 ""한국-중국-브라질을 잇는 국내외 3대 생산거점을 바탕으로 '최고(The best one)'를 넘어 '유일(The only one)'을 향한 위대한 도전을 시작하자""고 말했다.현 회장은 ""100년 이상의 역사를 가진 글로벌 기업들이 치열한 경쟁을 벌이는 승강기 업계에서 서른 살의 현대엘리베이터가 최강자로 부상할 수 있었던 것은 고 정주영 명예회장님과 고 정몽헌 회장님께서 남겨주신 불굴의 '현대정신' 때문""이라며 ""앞으로 창립 40주년, 50주년을 넘어 100년을 영속하는 기업으로 발전해나가기를 기원한다고"" 밝혔다.현 회장이 중국과 브라질을 3대 거점으로 강조한 것은 현대엘리베이터가 국내 1위를 넘어 이제는 해외로 눈을 돌리겠다는 의미로 해석된다.현대엘리베이터는 지난 4월17일 브라질 히우그란지두술주 레오폴두시에 연간 3,000대를 생산하는 승강기 공장을 준공해 남미 지역 생산거점을 마련했다. 이어 브라질 올림픽 선수촌 아파트에 설치될 총 159대의 승강기를 전량 수주하기도 했다. 또 브라질 랜드마크로 부상한 쇼핑몰 비저네어와 미국 부동산재벌 도널드 트럼프가 리우데자네이루에 38층 5개동으로 건설 중인 '트럼프 타워'의 승강기 수주도 가시화하고 있는 등 남미 사업이 갈수록 속도를 내고 있다. 한편 현대엘리베이터는 7년 연속 국내 승강기 시장 점유율 1위를 지키며 명실상부한 국내 시장의 최강자로 굳건히 자리잡고 있다.김광수기자 bright@sed.co.kr[ⓒ 인터넷한국일보, 무단 전재 및 재배포 금지]"
현대엘리베이,2014.05.01,1016,전체,"현대엘리, 국내 최소규격 無기계실 승강기 '뉴와이저' 출시","현대엘리베이터 뉴와이저. /사진=현대엘리베이터현대엘리베이터(대표이사 한상호)는 국내 최소 승강로 규격, 국내 최소 피트(Pit·완충기 설치공간) 깊이를 구현한 '뉴와이저'(NEW YZER)를 출시했다고 1일 밝혔다.뉴와이저는 1999년 탄생한 기계실 없는 엘리베이터(MRL·Machine Room Less Elevators)인 '와이저'(YZER)의 신 모델로 승강로와 피트 깊이를 최소화해 건축비용 절감, 공사기간 단축 효과를 거둘 수 있다.현대엘리베이에 따르면 뉴와이저는 타사 MRL 대비 최대 5%(9인승 기준)까지 승강로 크기를 줄인 가로 1850mm, 세로 1570mm 수준이다. 기계실이 없고 피트 깊이도 1100mm까지 줄여 건물의 공간 효율을 최대화할 수 있다. 타사 제품 피트 깊이는 1150mm 수준이다.스마트 인디케이터 등 편의기능도 적용됐다. 와이드 LCD패널로 제작된 스마트 인디케이터에는 층수, 시간 등 기본정보와 함께 CC(폐쇄회로)TV, 절전기능 작동 등 엘리베이터 상태정보를 표시한다. 음이온 발생 공기청정기, 초음파 해충방지 기능 및 항바이러스 소재를 사용한 내부 손잡이도 탑재됐다.몸짓만으로 승강기를 호출하는 '터치리스 풋버튼'도 도입됐다. 손이 불편하거나 물건을 든 상태에서 버튼 조작이 어려운 승객이 발의 움직임만으로 승강기를 호출하는 시스템이다.현대엘리베이터 관계자는 ""아파트와 고층 빌딩이 늘어나면서 엘리베이터는 자동차와 마찬가지로 단순 이동 수단이 아닌 감성 공간으로 발전해가고 있다""며 ""'사람이 행복해지는 엘리베이터'를 목표로 노력할 것""이라고 말했다.                            "
현대엘리베이,2014.04.17,1324,전체,현대엘리 중남미 생산거점 마련,"한상호(오른쪽) 현대엘리베이터 대표이사 사장이 17일 브라질 히우그란지두술주(州) 상레오폴두에서 열린 현대엘리베이터 브라질 공장 준공식에서 공장 가동 최종 허가서를 들어보이고 있다./사진제공=현대엘리베이터 업계 첫 브라질 공장 준공 현대엘리베이(017800)터가 중남미 시장 공략을 위한 현지 생산거점을 마련했다.현대엘리베이터는 17일 브라질 히우그란지두술주(州) 상레오폴두시(市)의 승강기 생산 공장에서 한상호 엘리베이터 대표와 현지 주지사 등이 참석한 가운데 준공식을 가졌다고 밝혔다. 국내 엘리베이터 업체가 중남미에 생산거점을 마련한 것은 이번이 처음이다.이번에 준공한 브라질 공장은 8만799㎡의 대지에 연면적 1만3,337㎡ 규모로 공장동·사무동·식당동·유틸리티동으로 이루어져 있다. 연간 생산량은 약 3,000대이며 근무 직원은 약 100명이다. 현대엘리베이터는 2020년까지 점진적으로 근무 인원을 600명까지 늘리고 현지 수요 변화에 맞춰 생산량도 늘려나갈 계획이다이번 브라질 공장 준공에 따라 현대엘리베이터는 중국 상하이에 이어 두 번째 해외 생산 거점을 마련하게 됐다.한 대표는 ""브라질 공장은 현대엘리베이터의 글로벌 시장 진출에 새로운 전기를 마련해줄 것"" 이라고 강조했다.한편 브라질을 포함한 남미 지역 승강기 시장은 제품 설치와 유지·보수 서비스를 포함해 약 3조원 규모다. 특히 매년 6% 이상의 성장률을 보이고 있으며 올해 6월 월드컵과 2016년 올림픽이 예정돼 있어 시장규모가 더욱 커질 것으로 예상된다.김흥록기자 rok@sed.co.kr[ⓒ 인터넷한국일보, 무단 전재 및 재배포 금지]"
현대엘리베이,2014.02.07,1448,전체,"현대엘리, 유상증자 신고서 통과…신주인수권 거래 개시","현대엘리베이 (68,300원 300 -0.4%)터의 유상증자 증권신고서가 비로소 효력이 발생됐다. 유상증자에 대한 내용을 시장에 충분히 알렸으니 이제부터 투자자 모집에 나서도 된다는 허가가 떨어진 셈이다. 현대엘리베이터는 구주주 청약에 앞서 이날 신주인수권 거래를 개시했다. 이번 유상증자 참여를 원하지 않는 주주들은 신주인수권 증서를 시장에서 팔 수 있다.7일 금융감독원에 따르면 현대엘리베이터가 지난달 21일에 제출한 증권신고서는 이날부터 효력이 발생했다. 증권신고서를 처음 제출한 날짜는 지난해 12월 2일이었는데 여러 차례 정정신고서를 제출하다보니 효력발생이 늦어진 것이다. 2대 주주인 쉰들러가 지난 3일 유상증자에 참여하지 않겠다고 발표했으나 증권신고서의 효력 발생에 영향을 미치지는 않았다.현대엘리베이터는 정해진 절차에 따라 이날 신주인수권 증서(현대엘리베이 12R)를 상장시켰다. 신주인수권 증서는 5영업일 동안 장내에서 거래된다. 기존 주주는 아니지만 이번 유상증자에 참여하길 원하는 투자자들은 신주인수권을 사서 배정에 참여할 수 있다.현대엘리베이터의 유상증자 발행가액은 주당 3만2350원으로 발표됐는데 확정된 가격은 아니다. 오는 19일에 한 번 더 발행가액을 산정하고 둘 중 더 낮은 금액을 최종 발행가액으로 삼게 된다. 2대 주주 쉰들러가 주주대표 소송을 제기하고 유상증자 불참을 선언하는 등 강경 대응을 이어가고 있어서 현대엘리베이터의 주가 흐름과 최종 발행가액을 예측하기가 어려운 상황이다.쉰들러는 이날 전세계 애널리스트와 미디어를 대상으로 텔레컨퍼런스를 개최할 예정이다. 알프레드 쉰들러 회장과 칼 호프스테터 법무총괄임원 겸 이사가 발표자로 나선다. 쉰들러는 현대엘리베이터 주주로 참여하게 된 배경과 유상증자 불참 결정에 대해 설명할 예정이다. 관심을 모으고 있는 신주인수권 처리 문제에 대해서는 아직 명확한 입장을 밝히지 않았다. "
현대엘리베이,2014.02.03 ,"1708
","

증권/금융

","[fn화제주] 현대상선, 北 이산가족 상봉 논의 소식에 급등",북한이 이산가족 상봉행사 개최 논의 의사를 밝히면서 현대상선이 급등했다.3일 유가증권 시장에서 현대상선은 전거래일보다 1250원(8.83%) 오른 1만5400원으로 마감했다. 지난해 10월 29일 이후 3개월여 만에 1만5000원선 탈환이다. 이날 급등은 정부의 이산가족 상봉 제의에 북한이 1주일 만에 화답하면서 남북 경제협력에 대한 기대감이 커졌기 때문으로 풀이된다. 현대상선은 금강산 관광사업 개발권자인 현대아산의 최대주주다. 또한 현대상선의 최대주주인 현대엘리베이도 500원(1.09%) 오른 4만6250원에 거래를 끝냈다.또 다른 남북 경협주들도 일제히 상승 마감했다. 금강산 관광지구에 골프.온천리조트를 갖고 있는 에머슨퍼시픽은 가격제한폭까지 오르며 1만1150원에 마감했다.박소연 기자
현대엘리베이,2013.12.24,2031,증권,한일이화·네이버 코스피200서 `훨훨`," 올해 증시는 잠재력과 실적을 바탕으로 높은 주가 상승률을 기록한 개별 종목들도 눈에 띄었다. 24일 한국거래소가 코스피200에 속한 종목을 토대로 분석한 결과 한일이화, NAVER, 한국쉘석유, 동아쏘시오홀딩스, 동원F&B가 주가 수익률 상위 5걸에 이름을 올렸다.자동차 부품 업체 한일이화는 현대차 브라질 공장과 기아차 중국 공장에 납품을 늘리면서 수익이 크게 증가했고 주가도 연초 대비 129.5% 올랐다. NAVER는 모바일 플랫폼인 라인의 성장이 계속되면서 52주 신고가를 경신했고 1년 새 108% 상승했다. 반면 업황 불황과 뚜렷한 성장동력을 찾지 못한 기업들은 주가에도 부정적으로 반영됐다. 삼성엔지니어링, 에이블씨엔씨, 현대엘리베이, 카프로, 한올바이오파마 등이 올 한 해 주가가 크게 하락했다. 삼성엔지니어링은 `실적 쇼크`로 1년 새 주가가 63.5% 하락하며 가장 낮은 수익률을 기록했고 에이블씨엔씨는 화장품 브랜드숍 미샤가 경쟁사에 밀리면서 주가가 연초 대비 61% 떨어졌다.코스피 종목 전체를 토대로 주가 상승률 상위권에 포진한 기업은 이스타코(170.7%), 한샘(158.9%), 디아이(154.5%) 순이었다. 반면 가장 큰 하락폭을 보인 종목은 STX팬오션(-84.22%), KEC(-77.0%), 남광토건(-76.6%), 키스톤글로벌(-73.6%), STX조선해양(-73.4%) 등이었다.  [이가윤 기자][ⓒ 매일경제 & mk.co.kr, 무단전재 및 재배포 금지]        					"
